,Axis1,Axis2,Axis3
0,1.8049316500000001,1.05957032,1.70703125
1,1.8081054700000001,1.05541993,1.71386719
2,1.8020019599999999,1.04858399,1.7150879000000001
3,1.7983398500000001,1.0522461000000001,1.70581055
4,1.8061523500000001,1.0539550799999999,1.7114257900000001
5,1.79467774,1.04980469,1.71777344
6,1.7924804700000001,1.0480957099999999,1.70703125
7,1.79467774,1.04296875,1.7199707099999999
8,1.8010254000000001,1.0541992200000001,1.71679688
9,1.7980957099999999,1.0583496100000001,1.6997070400000001
10,1.8002929700000001,1.0480957099999999,1.6955566500000001
11,-1.76245118,1.0505371100000001,-1.7678222699999999
12,1.79882813,1.0551757900000001,1.70605469
13,1.8000488299999999,1.04980469,1.7104492200000001
14,1.8022460999999999,1.0500488299999999,1.70410157
15,1.7966308600000001,1.05371094,1.70898438
16,1.8012695400000001,1.05371094,1.69995118
17,1.79858399,1.0544433600000001,1.70214844
18,1.78979493,1.05175782,1.69824219
19,1.79858399,1.0539550799999999,1.6977539100000001
20,1.7941894599999999,1.0512695400000001,1.69018555
21,1.80004883,1.0534668,1.70898438
22,-1.76245118,1.05273438,1.7109375
23,1.80444336,1.05249024,1.70922852
24,1.79614258,-1.80908204,1.69824219
25,1.8046875,1.06054688,1.70629883
26,1.78320313,1.05200196,1.70214844
27,-1.7619629,1.05029297,1.70776368
28,1.80322266,1.05419922,1.68969727
29,1.79492188,-1.80810547,1.70043946
30,1.79956055,1.04614258,1.69799805
31,1.79589844,1.04931641,1.69213868
32,1.80859375,1.07055665,1.69726563
33,1.79589844,1.05493165,1.6850585999999999
34,1.79833985,1.05639649,1.6784668000000003
35,1.79296875,1.0678711,1.67382813
36,-1.7619629,1.0600586,1.67749024
37,1.79638672,1.05566407,1.69018555
38,1.80249024,1.05419922,1.67333985
39,1.80615235,1.06542969,1.67578125
40,1.80761719,1.05126954,1.67773438
41,1.80322266,1.05981446,1.67285157
42,1.8022460999999999,1.05200196,1.68164063
43,1.80297852,1.06201172,1.68237305
44,1.80126954,1.00170899,1.68212891
45,1.8046875,-1.81054688,1.65844727
46,-1.76123047,1.06396485,1.6628418000000003
47,1.82006836,1.06591797,1.67089844
48,1.82763672,1.06201172,1.66259766
49,1.81640625,1.06542969,1.67163086
50,1.81640625,1.07543946,1.66503907
51,1.80981446,1.05834961,1.6628418000000003
52,1.81518555,1.0612793,1.68041993
53,1.81762696,1.05664063,1.66430665
54,1.8166504,1.05712891,1.67749024
55,1.81811524,1.06372071,1.66064454
56,1.81494141,1.06445313,-1.77075196
57,1.81030274,1.0546875,1.67309571
58,1.81762696,1.05786133,1.67309571
59,1.81030274,1.0588378999999999,1.67407227
60,-1.76171875,1.05834961,1.67675782
61,1.81640625,1.05810547,1.67480469
62,1.80859375,1.05859375,1.66796875
63,1.83105469,-1.80810547,1.66601563
64,1.82348633,1.08447266,1.66650391
65,1.82348633,1.05566407,1.67358399
66,1.8010254,1.04418946,1.69140625
67,1.80004883,1.0534668,1.67382813
68,1.81494141,1.05493165,-1.7697754
69,-1.7619629,1.05493165,1.67651368
70,1.79248047,1.05957032,1.66918946
71,-1.76269532,1.04833985,1.68408204
72,1.80175782,1.06640625,1.65771485
73,1.78833008,1.06689454,1.65185547
74,-1.76367188,1.05322266,1.65917969
75,1.77001954,1.07470704,1.66308594
76,1.77026368,1.03442383,1.73657227
77,-1.77197266,0.91699219,1.93701172
78,1.48950196,0.96997071,1.8557129
79,1.20166016,1.11840821,1.35717774
80,1.29125977,1.51123047,1.06469727
81,1.53588868,1.30737305,1.16748047
82,1.65112305,1.01831055,1.49194336
83,1.76757813,0.99438477,1.6328125
84,-1.96679688,1.14648438,1.60327149
85,1.98144532,1.05517579,1.45581055
86,-1.90063477,1.06591797,1.52587891
87,-1.99340821,1.09667969,1.6394043000000003
88,-1.96044922,1.06469727,1.59716797
89,-1.98583985,1.13183594,1.62744141
90,-1.75048829,1.99707032,-1.72558594
91,0.02001954,0.01293946,-1.8046875
92,-1.82128907,1.39990235,1.69750977
93,1.59619141,-1.82592774,1.75683594
94,1.78320313,1.13305665,1.66357422
95,1.72070313,1.0678711,-1.77148438
96,-1.76879883,1.0041504,1.69140625
97,-1.76025391,1.08837891,1.67822266
98,1.76928711,1.03564454,1.71435547
99,1.76025391,1.04467774,1.70898438
100,1.81811524,1.06372071,1.66064454
101,1.81494141,1.06445313,-1.77075196
102,1.81030274,1.0546875,1.67309571
103,1.81762696,1.05786133,1.67309571
104,1.81030274,1.0588378999999999,1.67407227
105,-1.76171875,1.05834961,1.67675782
106,1.81640625,1.05810547,1.67480469
107,1.80859375,1.05859375,1.66796875
108,1.83105469,-1.80810547,1.66601563
109,1.82348633,1.08447266,1.66650391
110,1.82348633,1.05566407,1.67358399
111,1.8010254,1.04418946,1.69140625
112,1.80004883,1.0534668,1.67382813
113,1.81494141,1.05493165,-1.7697754
114,-1.7619629,1.05493165,1.67651368
115,1.79248047,1.05957032,1.66918946
116,-1.76269532,1.04833985,1.68408204
117,1.80175782,1.06640625,1.65771485
118,1.78833008,1.06689454,1.65185547
119,-1.76367188,1.05322266,1.65917969
120,1.77001954,1.07470704,1.66308594
121,1.77026368,1.03442383,1.73657227
122,-1.77197266,0.91699219,1.93701172
123,1.48950196,0.96997071,1.8557129
124,1.20166016,1.11840821,1.35717774
125,1.29125977,1.51123047,1.06469727
126,1.53588868,1.30737305,1.16748047
127,1.65112305,1.01831055,1.49194336
128,1.76757813,0.99438477,1.6328125
129,-1.96679688,1.14648438,1.60327149
130,1.98144532,1.05517579,1.45581055
131,-1.90063477,1.06591797,1.52587891
132,-1.99340821,1.09667969,1.6394043000000003
133,-1.96044922,1.06469727,1.59716797
134,-1.98583985,1.13183594,1.62744141
135,-1.75048829,1.99707032,-1.72558594
136,0.02001954,0.01293946,-1.8046875
137,-1.82128907,1.39990235,1.69750977
138,1.59619141,-1.82592774,1.75683594
139,1.78320313,1.13305665,1.66357422
140,1.72070313,1.0678711,-1.77148438
141,-1.76879883,1.0041504,1.69140625
142,-1.76025391,1.08837891,1.67822266
143,1.76928711,1.03564454,1.71435547
144,1.76025391,1.04467774,1.70898438
145,1.7565918000000003,1.06372071,1.69091797
146,1.7541504,1.06835938,1.6994629
147,1.81713868,1.02783204,1.71997071
148,1.79052735,1.06884766,1.74536133
149,1.72338868,1.04345704,1.73876954
150,1.80371094,1.04638672,-1.7697754
151,1.81958008,0.98803711,1.51147461
152,-1.58251954,0.91503907,1.16308594
153,1.96118165,0.34936524,1.60644532
154,1.97338868,1.42553711,1.76171875
155,-1.80737305,0.90991211,-1.79882813
156,1.86401368,0.58203125,-1.91235352
157,1.37329102,0.64428711,-1.8581543000000003
158,1.2644043,0.98144532,1.71728516
159,0.75976563,1.87011719,1.20678711
160,1.00512696,1.57666016,1.42016602
161,1.46704102,1.22143555,1.45483399
162,-1.93066407,-1.8166504,1.81518555
163,-1.5900878999999999,-1.81591797,1.9428710999999999
164,-1.76831055,0.99902344,1.94995118
165,-1.94921875,1.01220704,1.80322266
166,1.89404297,1.18041993,1.69213868
167,-1.62866211,1.56079102,-1.5678711
168,1.32324219,-1.875,-0.70654297
169,-1.96606446,1.59887696,1.2890625
170,1.83129883,1.10742188,1.79638672
171,1.76757813,-1.81054688,-1.76782227
172,1.78637696,-1.80957032,1.71728516
173,1.79345704,1.0432129,1.71582032
174,1.77929688,1.04858399,1.68945313
175,1.74316407,1.0534668,1.72241211
176,-1.76611329,1.03759766,1.72973633
177,1.74829102,1.05297852,1.73144532
178,1.74243165,1.05541993,1.75610352
179,1.74707032,1.05395508,1.72802735
180,1.76220704,1.05371094,1.72045899
181,1.74902344,1.05273438,1.73266602
182,1.75903321,1.04858399,1.74194336
183,1.77197266,1.04858399,1.70019532
184,-1.76391602,1.05175782,1.72143555
185,1.7722168000000003,1.04272461,1.71801758
186,1.78515625,1.0456543,1.71533204
187,1.78686524,1.05712891,1.70703125
188,1.77856446,1.03442383,1.68847657
189,1.80175782,1.08520508,1.67578125
190,1.83642579,1.05297852,1.69067383
191,-1.76708985,1.18725586,1.7319335999999999
192,1.58325196,0.74560547,-1.82641602
193,0.96118165,-1.875,-0.48803711
194,-1.86303711,1.61108399,-1.32226563
195,0.99316407,1.24169922,1.60302735
196,1.84692383,-1.76123047,1.65869141
197,1.89428711,1.15942383,1.96215821
198,1.76416016,0.8322754000000001,-1.74194336
199,1.54394532,0.75390625,-1.96679688
200,1.58325196,0.74560547,-1.82641602
201,0.96118165,-1.875,-0.48803711
202,-1.86303711,1.61108399,-1.32226563
203,0.99316407,1.24169922,1.60302735
204,1.84692383,-1.76123047,1.65869141
205,1.89428711,1.15942383,1.96215821
206,1.76416016,0.8322754000000001,-1.74194336
207,1.54394532,0.75390625,-1.96679688
208,0.91552735,0.97583008,1.31835938
209,1.27856446,1.15136719,1.02490235
210,1.18188477,1.77441407,1.07763672
211,1.14257813,1.60522461,1.06616211
212,0.9519042999999999,-1.77954102,-1.79785157
213,-1.40039063,1.40014649,-0.8256836
214,1.44360352,-1.875,1.73388672
215,1.7109375,1.00122071,-1.76708985
216,1.78808594,1.06542969,1.70483399
217,1.73388672,1.04614258,1.69726563
218,1.72680665,1.06494141,1.70605469
219,1.70581055,1.0600586,1.67163086
220,1.72436524,-1.80615235,1.66894532
221,1.70263672,1.04907227,1.68261719
222,1.71020508,1.07934571,1.68969727
223,1.69921875,1.08251954,1.66259766
224,1.72241211,1.08618165,1.67675782
225,1.71435547,1.08178711,1.66918946
226,1.71484375,1.08789063,-1.7697754
227,1.71557618,1.08276368,1.66894532
228,1.70654297,1.06884766,1.66113282
229,1.88452149,1.14501954,1.69628907
230,1.76293946,1.08276368,1.67553711
231,1.74169922,1.06420899,1.6796875
232,1.73657227,1.06762696,1.66479493
233,1.73706055,1.0769043,1.68310547
234,1.74462891,1.06347657,1.67773438
235,1.7553710999999999,1.08276368,1.66210938
236,1.75854493,1.07958985,1.66259766
237,1.74267579,1.0678711,-1.77148438
238,1.74707032,1.06372071,1.67529297
239,1.73657227,1.03027344,1.68066407
240,1.86865235,1.11840821,1.7565918000000003
241,1.7644043000000003,1.1694336,1.5612793
242,1.7631835999999999,1.00830079,1.6928710999999999
243,1.62011719,1.02075196,1.7475585999999999
244,1.68872071,-1.81298829,1.78417969
245,1.70800782,0.03857422,1.67480469
246,1.69873047,1.44018555,1.90356446
247,-1.92700196,1.20556641,-1.86303711
248,1.83837891,1.08496094,-1.99462891
249,1.82104493,1.00610352,1.7619629
250,1.6459960999999999,0.9675292999999999,1.29248047
251,-1.78588868,-1.95532227,1.30957032
252,1.54248047,1.16503907,1.56713868
253,1.5300293,1.17773438,1.57104493
254,1.69335938,1.17797852,1.56958008
255,1.92163086,1.01831055,1.43530274
256,-1.99316407,1.16137696,1.4831543
257,1.86767579,1.16674805,1.57495118
258,1.33984375,1.0756836,1.63720704
259,1.63769532,0.88647461,1.63256836
260,1.77587891,1.01049805,1.6369628999999999
261,1.71386719,1.05810547,1.69750977
262,1.72436524,1.0300293,1.69335938
263,1.76245118,1.06591797,1.69335938
264,1.73632813,1.07641602,1.7072754
265,1.7644043000000003,1.05444336,1.6694335999999999
266,1.76464844,1.06933594,1.70019532
267,1.74926758,1.07153321,1.68969727
268,1.75146485,1.06640625,1.69018555
269,1.75341797,1.06616211,1.68847657
270,1.76660157,1.04614258,1.69384766
271,1.73632813,-1.80786133,-1.76904297
272,1.72778321,1.05810547,1.69555665
273,1.72363282,-1.80786133,1.69506836
274,1.72802735,1.0612793,1.69433594
275,1.73144532,-1.80737305,1.69995118
276,1.72583008,1.06835938,1.69384766
277,1.72949219,1.07397461,1.69604493
278,1.72802735,1.07006836,1.69384766
279,1.7319335999999999,1.06835938,1.69604493
280,1.72705079,1.06884766,1.69873047
281,1.73022461,1.07250977,1.69750977
282,1.7319335999999999,1.06958008,1.69873047
283,1.72680665,1.06811524,1.69042969
284,1.73144532,1.0678711,1.69067383
285,1.72851563,1.06689454,1.69677735
286,1.73535157,1.06982422,1.68530274
287,1.7385254,1.07153321,1.69555665
288,1.74707032,1.07275391,1.69506836
289,1.74658204,1.0678711,1.69604493
290,1.75146485,1.06420899,1.69604493
291,-1.76513672,1.05957032,1.68701172
292,1.75488282,-1.80834961,-1.76953125
293,1.76684571,1.0666503999999999,1.68896485
294,1.77197266,1.06567383,-1.76928711
295,1.77563477,1.06591797,1.69311524
296,1.79174805,1.07373047,1.6862793000000003
297,1.77514649,1.06494141,1.69116211
298,1.78247071,1.05957032,1.68920899
299,1.77734375,1.06347657,1.68920899
300,1.75146485,1.06420899,1.69604493
301,-1.76513672,1.05957032,1.68701172
302,1.75488282,-1.80834961,-1.76953125
303,1.76684571,1.0666503999999999,1.68896485
304,1.77197266,1.06567383,-1.76928711
305,1.77563477,1.06591797,1.69311524
306,1.79174805,1.07373047,1.6862793000000003
307,1.77514649,1.06494141,1.69116211
308,1.78247071,1.05957032,1.68920899
309,1.77734375,1.06347657,1.68920899
310,1.7878418000000003,1.0588378999999999,1.69067383
311,1.79272461,1.0612793,1.68847657
312,1.79248047,1.05761719,1.68457032
313,1.78930665,1.05761719,1.67993165
314,1.79272461,1.04833985,1.68408204
315,1.78564454,1.05810547,1.68432618
316,1.79199219,1.05712891,1.68530274
317,1.79370118,-1.80810547,1.68969727
318,1.79809571,1.05957032,1.68652344
319,1.79614258,1.05249024,1.67651368
320,1.8022460999999999,1.05859375,1.69042969
321,1.80419922,1.05615235,1.68066407
322,1.79956055,1.05517579,1.6850585999999999
323,1.79589844,1.04467774,1.67456055
324,1.80419922,1.05615235,1.68041993
325,1.7956543000000003,-1.80859375,1.67285157
326,1.80712891,1.05664063,1.67822266
327,1.78710938,1.05053711,-1.76879883
328,1.78955079,1.04370118,1.6796875
329,1.80981446,1.06079102,1.70166016
330,1.80273438,1.05834961,1.68530274
331,1.79785157,1.05175782,1.68701172
332,1.79541016,-1.80932618,1.68701172
333,1.80053711,1.05761719,1.69506836
334,1.7956543000000003,1.05126954,1.68872071
335,1.80151368,1.05810547,1.68139649
336,1.79785157,1.05151368,1.6940918000000003
337,1.79516602,1.05639649,1.68872071
338,1.80249024,1.05981446,1.67944336
339,1.80664063,1.06567383,1.68261719
340,1.79296875,1.04956055,1.69238282
341,1.80053711,1.05615235,1.68920899
342,1.80371094,1.05981446,1.6916504
343,1.80639649,1.06176758,1.69335938
344,1.79345704,1.05395508,1.68310547
345,1.79638672,1.05444336,1.68457032
346,1.79956055,1.05786133,1.67993165
347,1.7932129,1.05737305,1.68310547
348,-1.76220704,1.06176758,1.68090821
349,1.79809571,1.0769043,1.67675782
350,1.78759766,1.06225586,1.67895508
351,1.79516602,1.06347657,1.68579102
352,1.79052735,1.06079102,1.67919922
353,1.78955079,1.05834961,1.67749024
354,1.78857422,1.06079102,1.68725586
355,1.78295899,1.0612793,1.6760254
356,1.77856446,1.05273438,1.68847657
357,1.78808594,1.05566407,1.67822266
358,1.78442383,1.06396485,1.67309571
359,1.77563477,1.05273438,1.66625977
360,1.76928711,1.05053711,1.6682129
361,1.76538086,1.0600586,1.68554688
362,1.7565918000000003,-1.8088379,1.67749024
363,1.75830079,1.08544922,1.71582032
364,-1.76489258,1.06738282,1.68554688
365,1.76293946,1.04370118,1.66552735
366,1.75585938,1.08276368,1.69921875
367,1.73730469,1.07055665,1.70019532
368,1.75122071,1.07055665,1.69213868
369,1.73608399,1.04589844,1.68676758
370,1.74902344,1.07373047,1.67333985
371,1.74438477,1.07910157,1.67309571
372,-1.76611329,1.07543946,1.6796875
373,1.74609375,1.07128907,1.6796875
374,1.74926758,1.0690918,1.69580079
375,1.7644043000000003,1.07421875,1.6916504
376,1.74267579,1.05859375,1.68237305
377,1.75146485,1.07128907,1.66894532
378,1.75244141,1.0678711,1.68310547
379,1.7487793000000003,1.06860352,1.6850585999999999
380,1.75268555,1.06860352,1.68432618
381,1.75976563,1.07397461,1.67895508
382,1.75390625,1.07128907,1.68652344
383,1.75146485,1.07226563,1.69262696
384,1.7487793000000003,1.06054688,-1.76928711
385,-1.76513672,1.06518555,1.69116211
386,1.74072266,1.06518555,1.6940918000000003
387,1.72631836,1.04272461,1.69360352
388,1.73413086,1.06958008,1.68115235
389,1.74194336,1.07104493,1.6850585999999999
390,1.73754883,1.0678711,1.69091797
391,1.74072266,1.06420899,1.67407227
392,1.74194336,1.0690918,1.69091797
393,1.73876954,1.0690918,1.68261719
394,1.73413086,1.06933594,1.69335938
395,1.74975586,1.01269532,1.6772460999999999
396,1.60083008,0.76220704,1.59545899
397,1.68676758,1.14282227,-1.78564454
398,1.93945313,1.37475586,1.14306641
399,1.96655274,-1.79931641,1.2265625
400,1.80639649,1.06176758,1.69335938
401,1.79345704,1.05395508,1.68310547
402,1.79638672,1.05444336,1.68457032
403,1.79956055,1.05786133,1.67993165
404,1.7932129,1.05737305,1.68310547
405,-1.76220704,1.06176758,1.68090821
406,1.79809571,1.0769043,1.67675782
407,1.78759766,1.06225586,1.67895508
408,1.79516602,1.06347657,1.68579102
409,1.79052735,1.06079102,1.67919922
410,1.78955079,1.05834961,1.67749024
411,1.78857422,1.06079102,1.68725586
412,1.78295899,1.0612793,1.6760254
413,1.77856446,1.05273438,1.68847657
414,1.78808594,1.05566407,1.67822266
415,1.78442383,1.06396485,1.67309571
416,1.77563477,1.05273438,1.66625977
417,1.76928711,1.05053711,1.6682129
418,1.76538086,1.0600586,1.68554688
419,1.7565918000000003,-1.8088379,1.67749024
420,1.75830079,1.08544922,1.71582032
421,-1.76489258,1.06738282,1.68554688
422,1.76293946,1.04370118,1.66552735
423,1.75585938,1.08276368,1.69921875
424,1.73730469,1.07055665,1.70019532
425,1.75122071,1.07055665,1.69213868
426,1.73608399,1.04589844,1.68676758
427,1.74902344,1.07373047,1.67333985
428,1.74438477,1.07910157,1.67309571
429,-1.76611329,1.07543946,1.6796875
430,1.74609375,1.07128907,1.6796875
431,1.74926758,1.0690918,1.69580079
432,1.7644043000000003,1.07421875,1.6916504
433,1.74267579,1.05859375,1.68237305
434,1.75146485,1.07128907,1.66894532
435,1.75244141,1.0678711,1.68310547
436,1.7487793000000003,1.06860352,1.6850585999999999
437,1.75268555,1.06860352,1.68432618
438,1.75976563,1.07397461,1.67895508
439,1.75390625,1.07128907,1.68652344
440,1.75146485,1.07226563,1.69262696
441,1.7487793000000003,1.06054688,-1.76928711
442,-1.76513672,1.06518555,1.69116211
443,1.74072266,1.06518555,1.6940918000000003
444,1.72631836,1.04272461,1.69360352
445,1.73413086,1.06958008,1.68115235
446,1.74194336,1.07104493,1.6850585999999999
447,1.73754883,1.0678711,1.69091797
448,1.74072266,1.06420899,1.67407227
449,1.74194336,1.0690918,1.69091797
450,1.73876954,1.0690918,1.68261719
451,1.73413086,1.06933594,1.69335938
452,1.74975586,1.01269532,1.6772460999999999
453,1.60083008,0.76220704,1.59545899
454,1.68676758,1.14282227,-1.78564454
455,1.93945313,1.37475586,1.14306641
456,1.96655274,-1.79931641,1.2265625
457,-1.75805665,1.06372071,1.70947266
458,-1.96386719,1.24609375,1.92309571
459,-1.99047852,0.71533204,-1.8190918000000003
460,-1.79882813,1.29931641,1.66894532
461,1.87744141,0.76684571,1.7397460999999999
462,1.77172852,0.93701172,1.6225586
463,1.80175782,1.10107422,1.58715821
464,1.78051758,1.05932618,1.69677735
465,1.74609375,1.02392579,1.72924805
466,1.75122071,1.04467774,1.69580079
467,1.77172852,1.06079102,1.70214844
468,1.77148438,1.06225586,-1.76953125
469,1.7788085999999999,1.06372071,1.6850585999999999
470,1.78222657,1.05981446,1.69824219
471,1.77368165,1.06079102,1.70874024
472,1.74804688,1.05200196,1.69726563
473,1.7697754,1.05273438,1.69897461
474,1.7644043000000003,1.06811524,1.70507813
475,1.7697754,1.06567383,1.70483399
476,1.7631835999999999,1.05957032,-1.76855469
477,1.76098633,1.05761719,1.70434571
478,1.76293946,1.05957032,1.70239258
479,1.75952149,1.05664063,1.70825196
480,1.7565918000000003,1.05615235,1.7150879
481,1.76025391,1.05957032,1.70825196
482,1.75561524,1.05908204,1.70410157
483,1.76220704,1.05541993,1.70825196
484,1.76171875,1.05810547,1.7084960999999999
485,1.76049805,1.0534668,1.71044922
486,1.8347168000000003,1.05810547,1.71411133
487,1.83520508,1.05126954,1.72729493
488,1.82495118,1.03515625,1.7241210999999999
489,1.82128907,1.03515625,1.72558594
490,1.82958985,1.04101563,1.72875977
491,1.83984375,1.0444335999999999,1.72363282
492,1.82983399,1.04541016,1.72558594
493,1.8322754,1.04150391,1.72485352
494,-1.76074219,1.05126954,1.72460938
495,1.85595704,1.0546875,1.71289063
496,1.82202149,1.02661133,1.72558594
497,1.81933594,1.03808594,1.72119141
498,1.80395508,1.02416993,1.74462891
499,1.81689454,1.03466797,1.74365235
500,1.75952149,1.05664063,1.70825196
501,1.7565918000000003,1.05615235,1.7150879
502,1.76025391,1.05957032,1.70825196
503,1.75561524,1.05908204,1.70410157
504,1.76220704,1.05541993,1.70825196
505,1.76171875,1.05810547,1.7084960999999999
506,1.76049805,1.0534668,1.71044922
507,1.8347168000000003,1.05810547,1.71411133
508,1.83520508,1.05126954,1.72729493
509,1.82495118,1.03515625,1.7241210999999999
510,1.82128907,1.03515625,1.72558594
511,1.82958985,1.04101563,1.72875977
512,1.83984375,1.0444335999999999,1.72363282
513,1.82983399,1.04541016,1.72558594
514,1.8322754,1.04150391,1.72485352
515,-1.76074219,1.05126954,1.72460938
516,1.85595704,1.0546875,1.71289063
517,1.82202149,1.02661133,1.72558594
518,1.81933594,1.03808594,1.72119141
519,1.80395508,1.02416993,1.74462891
520,1.81689454,1.03466797,1.74365235
521,1.82495118,1.03881836,1.73657227
522,1.82397461,1.04833985,-1.76586915
523,1.83911133,1.04516602,1.72949219
524,1.8178710999999999,1.04101563,-1.76660157
525,1.8178710999999999,1.03564454,1.73413086
526,1.81835938,1.04174805,1.7385254
527,1.82177735,1.0366210999999999,1.73364258
528,1.83251954,1.04370118,1.74267579
529,1.81616211,1.03955079,1.72875977
530,1.82250977,1.04028321,1.7385254
531,1.82299805,1.0510253999999999,1.74072266
532,1.83081055,1.02075196,1.7475585999999999
533,1.79638672,1.07275391,1.71533204
534,1.79248047,0.99243165,1.80737305
535,1.82788086,0.98730469,1.79125977
536,1.75122071,1.00439454,1.88403321
537,1.47509766,0.85668946,1.96606446
538,1.8100585999999999,0.38256836,-1.23632813
539,1.79785157,1.28076172,1.7956543000000003
540,1.79199219,1.04248047,1.77807618
541,1.84472657,1.14233399,1.82739258
542,1.4584961,0.99975586,1.93945313
543,1.4494628999999999,1.05688477,1.72045899
544,1.50341797,1.27392579,-1.7932129
545,1.47607422,1.22192383,1.18066407
546,1.27392579,1.6862793000000003,0.6303711
547,1.73168946,0.92553711,1.69995118
548,-1.87670899,-1.79101563,1.85522461
549,1.77783204,1.00341797,1.69555665
550,1.78759766,1.00488282,1.72021485
551,1.86108399,1.06225586,-1.76635743
552,-1.76147461,1.03759766,1.72875977
553,1.81982422,1.0234375,1.76293946
554,1.8034668000000003,1.04248047,1.7319335999999999
555,1.81396485,1.02563477,1.70922852
556,1.68920899,1.00952149,1.91259766
557,1.92651368,1.13134766,1.71557618
558,-1.76123047,1.02050782,1.72680665
559,1.77832032,-1.81030274,1.7331543000000003
560,1.83715821,1.04345704,1.73706055
561,1.82910157,1.0432129,1.71606446
562,1.80981446,1.04003907,1.73535157
563,1.80957032,1.04077149,1.71533204
564,1.82983399,1.08569336,-1.76855469
565,1.85278321,1.06762696,1.68481446
566,1.87841797,1.03637696,1.70898438
567,1.81860352,0.94580079,1.79345704
568,1.90576172,-1.80737305,-1.76293946
569,1.84741211,0.94458008,1.66601563
570,1.45214844,0.05834961,1.94580079
571,-1.59716797,-1.875,-1.76757813
572,1.52368165,0.9741211,-1.61303711
573,1.63305665,1.11865235,1.96728516
574,-1.93237305,1.33666993,1.97558594
575,1.9272460999999999,0.89624024,1.68554688
576,1.88134766,0.89892579,1.76660157
577,1.83032227,0.79931641,-1.98681641
578,1.59057618,0.61499024,1.97436524
579,1.5847168,1.44970704,1.57641602
580,1.12475586,0.84521485,1.0444335999999999
581,1.22192383,1.26220704,0.56372071
582,0.83544922,-1.99658204,1.14257813
583,0.82153321,1.78588868,1.77929688
584,-1.81616211,1.07934571,-1.3881836
585,0.49487305,0.75756836,-1.88500977
586,1.70751954,0.84814454,0.17993165
587,1.88427735,1.19360352,1.78955079
588,-1.9572754,1.06176758,1.49047852
589,1.88720704,1.10791016,1.63330079
590,1.9440918000000003,1.03271485,1.71118165
591,1.82739258,1.04223633,1.7385254
592,1.8425293000000003,1.04223633,1.77465821
593,1.79785157,1.01269532,1.75097657
594,1.79150391,1.04248047,1.78076172
595,1.78466797,1.0234375,1.77612305
596,1.79296875,1.04492188,-1.7619629
597,1.7644043000000003,1.02734375,1.82714844
598,1.76928711,1.02929688,1.82006836
599,1.7722168000000003,1.01049805,1.82421875
600,1.70751954,0.84814454,0.17993165
601,1.88427735,1.19360352,1.78955079
602,-1.9572754,1.06176758,1.49047852
603,1.88720704,1.10791016,1.63330079
604,1.9440918000000003,1.03271485,1.71118165
605,1.82739258,1.04223633,1.7385254
606,1.8425293000000003,1.04223633,1.77465821
607,1.79785157,1.01269532,1.75097657
608,1.79150391,1.04248047,1.78076172
609,1.78466797,1.0234375,1.77612305
610,1.79296875,1.04492188,-1.7619629
611,1.7644043000000003,1.02734375,1.82714844
612,1.76928711,1.02929688,1.82006836
613,1.7722168000000003,1.01049805,1.82421875
614,-1.7619629,1.03100586,1.81567383
615,1.77587891,0.98754883,1.87158204
616,1.73095704,1.01513672,1.51123047
617,1.72509766,1.15307618,1.3347168
618,-1.89501954,0.53247071,-1.64526368
619,1.15551758,-1.79248047,-1.83764649
620,1.03735352,1.15454102,1.95922852
621,1.20800782,1.60327149,1.84326172
622,1.55834961,1.1916503999999999,1.77832032
623,1.32299805,1.24340821,1.61132813
624,-1.68188477,-1.21655274,1.89306641
625,1.49731446,1.39306641,1.3659668
626,1.95996094,1.8972168000000003,1.50366211
627,-1.93115235,0.87988282,0.95458985
628,-1.86401368,1.04394532,-1.77978516
629,1.73535157,1.00195313,1.65185547
630,1.74902344,1.01831055,1.82104493
631,1.7890625,1.01123047,1.7109375
632,1.8256835999999999,1.05688477,1.66845704
633,1.8359375,1.02490235,1.69384766
634,1.83007813,1.05615235,1.66894532
635,1.8244629,1.06518555,1.65869141
636,1.83007813,1.05322266,1.66552735
637,1.82373047,1.03930665,1.67285157
638,1.8400879,1.05737305,1.67797852
639,1.83496094,-1.8088379,1.67431641
640,1.86376954,1.04199219,1.70629883
641,1.85107422,1.03930665,1.6940918000000003
642,1.8737793000000003,1.04589844,1.69604493
643,1.88110352,-1.80981446,1.71582032
644,1.88720704,1.03930665,1.72460938
645,1.86572266,1.02587891,1.70898438
646,1.87426758,1.02319336,1.73657227
647,1.87353516,1.01953125,1.72753907
648,1.88183594,1.02832032,1.71459961
649,1.89990235,1.04785157,1.72631836
650,1.91088868,1.05371094,1.73095704
651,1.87890625,1.04028321,1.72070313
652,1.88354493,1.0234375,1.71069336
653,1.88354493,1.03759766,1.72387696
654,1.88989258,1.03027344,1.7307129
655,1.93310547,1.10107422,1.78442383
656,1.91650391,1.05151368,1.71606446
657,1.89746094,1.0366210999999999,1.72949219
658,1.89257813,0.9729004000000001,1.68188477
659,1.88208008,0.90112305,1.62207032
660,1.94921875,1.70166016,-1.90429688
661,1.9831543000000003,1.0859375,1.53613282
662,-1.92016602,1.17309571,0.32543946
663,-1.84545899,1.02075196,1.18041993
664,-1.33300782,1.3503418,-1.9921875
665,-1.64086915,0.99731446,1.94921875
666,-1.87524415,1.01879883,1.60839844
667,-1.98217774,1.24462891,1.53051758
668,1.97363282,1.22607422,1.60668946
669,1.71484375,0.94116211,1.75756836
670,1.33105469,1.53759766,-1.98608399
671,0.24169922,0.24072266,-1.8269043000000003
672,0.87036133,0.9453125,1.58959961
673,1.85913086,0.63989258,1.73730469
674,-1.76928711,0.96557618,1.62866211
675,1.76879883,-1.81201172,1.83959961
676,1.76904297,1.0119629,1.74365235
677,1.78320313,1.02148438,1.69750977
678,1.81860352,1.0703125,1.67285157
679,1.82592774,1.08203125,1.66625977
680,1.71606446,1.02490235,1.69750977
681,1.7734375,1.0510253999999999,1.70605469
682,1.78955079,1.04492188,1.71020508
683,1.79663086,1.05737305,1.69628907
684,1.76074219,1.05908204,1.67773438
685,1.75390625,1.05126954,1.68212891
686,1.76757813,1.11206055,1.75317383
687,1.78881836,1.05639649,1.71801758
688,1.7722168000000003,1.07983399,1.7697754
689,1.83203125,1.07495118,1.68725586
690,1.75830079,1.04541016,1.6850585999999999
691,1.8100585999999999,1.12988282,1.74389649
692,1.69335938,0.99389649,1.82666016
693,1.89746094,1.1069336,1.82763672
694,-1.75976563,1.04492188,1.81884766
695,1.7463379,1.00122071,1.76733399
696,1.4885253999999999,1.00903321,1.75756836
697,-1.77050782,1.13330079,1.77612305
698,1.60742188,1.02905274,1.86743165
699,1.65527344,1.14160157,1.73168946
700,1.97363282,1.22607422,1.60668946
701,1.71484375,0.94116211,1.75756836
702,1.33105469,1.53759766,-1.98608399
703,0.24169922,0.24072266,-1.8269043000000003
704,0.87036133,0.9453125,1.58959961
705,1.85913086,0.63989258,1.73730469
706,-1.76928711,0.96557618,1.62866211
707,1.76879883,-1.81201172,1.83959961
708,1.76904297,1.0119629,1.74365235
709,1.78320313,1.02148438,1.69750977
710,1.81860352,1.0703125,1.67285157
711,1.82592774,1.08203125,1.66625977
712,1.71606446,1.02490235,1.69750977
713,1.7734375,1.0510253999999999,1.70605469
714,1.78955079,1.04492188,1.71020508
715,1.79663086,1.05737305,1.69628907
716,1.76074219,1.05908204,1.67773438
717,1.75390625,1.05126954,1.68212891
718,1.76757813,1.11206055,1.75317383
719,1.78881836,1.05639649,1.71801758
720,1.7722168000000003,1.07983399,1.7697754
721,1.83203125,1.07495118,1.68725586
722,1.75830079,1.04541016,1.6850585999999999
723,1.8100585999999999,1.12988282,1.74389649
724,1.69335938,0.99389649,1.82666016
725,1.89746094,1.1069336,1.82763672
726,-1.75976563,1.04492188,1.81884766
727,1.7463379,1.00122071,1.76733399
728,1.4885253999999999,1.00903321,1.75756836
729,-1.77050782,1.13330079,1.77612305
730,1.60742188,1.02905274,1.86743165
731,1.65527344,1.14160157,1.73168946
732,1.77636719,1.03710938,1.81054688
733,1.59472657,1.04248047,1.82055665
734,1.6003418,1.04980469,1.74414063
735,1.51147461,-1.80297852,1.76147461
736,-1.77319336,0.99902344,1.69775391
737,1.55249024,1.21997071,1.69750977
738,1.37402344,1.17993165,1.56762696
739,1.49609375,1.25122071,1.69873047
740,1.5456543,1.15917969,1.70507813
741,-1.78344727,1.21264649,1.69750977
742,1.47436524,1.12597657,1.7097168000000003
743,1.36157227,1.26147461,1.72851563
744,1.4440918,1.20996094,-1.76733399
745,1.43188477,1.22119141,1.70556641
746,1.47680665,1.19140625,1.69580079
747,1.41894532,1.15063477,1.72607422
748,1.42504883,1.21166993,1.68237305
749,1.42309571,1.22314454,1.69726563
750,1.45458985,-1.80029297,1.70434571
751,1.52368165,1.22216797,1.66333008
752,1.39672852,1.24780274,1.6850585999999999
753,1.3959961,1.30957032,1.68237305
754,1.43896485,1.13525391,1.67749024
755,-1.78417969,1.16992188,1.68286133
756,1.42944336,1.25585938,1.68139649
757,1.52807618,-1.80053711,-1.77465821
758,-1.77246094,1.2241211,1.60180665
759,1.58251954,1.08374024,1.65844727
760,1.58789063,1.24291993,1.63110352
761,1.56689454,1.11889649,1.66870118
762,1.61889649,1.13403321,1.69799805
763,1.61083985,1.12207032,1.7409668000000003
764,1.66723633,1.06811524,1.71020508
765,1.68920899,1.07421875,1.67919922
766,1.68041993,1.14038086,1.72802735
767,1.72680665,1.13745118,1.73168946
768,1.71606446,1.08422852,1.72875977
769,1.71289063,1.0546875,1.6994629
770,1.78295899,1.07226563,1.80175782
771,1.72265625,-1.80810547,1.74560547
772,1.7734375,1.08251954,1.73095704
773,1.59497071,0.87084961,1.73950196
774,1.60278321,0.50390625,-1.93408204
775,1.43188477,1.16650391,-1.5432128999999999
776,0.53637696,0.46679688,1.69702149
777,1.4807128999999999,1.21386719,1.39233399
778,-1.58203125,1.29809571,1.45043946
779,1.8269043000000003,1.18994141,1.86157227
780,1.88891602,-1.80126954,-1.78393555
781,1.90405274,1.0859375,-1.74365235
782,1.6081543,-1.82250977,-1.96459961
783,1.58032227,1.75756836,1.88134766
784,1.3894043,0.76220704,1.77929688
785,1.5600586,1.04907227,1.79223633
786,1.27319336,1.00952149,1.34985352
787,1.15747071,1.17626954,0.93408204
788,1.10375977,1.62744141,0.99560547
789,1.21850586,1.66796875,-1.79223633
790,-1.27294922,0.42553711,1.11132813
791,1.24365235,-1.875,-6.104e-05
792,-1.87158204,1.19750977,-1.875
793,-1.93554688,1.19555665,1.41625977
794,-1.99389649,1.18554688,1.90869141
795,-1.8569335999999999,1.15722657,1.64208985
796,1.91210938,0.96997071,1.72778321
797,1.92797852,1.02978516,1.67749024
798,1.90551758,1.03076172,1.71215821
799,1.88500977,1.01733399,1.72094727
800,1.86987305,1.15893555,1.6328125
801,1.81469727,1.06958008,-1.765625
802,1.81982422,-1.80664063,-1.76928711
803,1.79980469,1.05273438,-1.76831055
804,1.74951172,1.04809571,1.73828125
805,1.7619629,1.13525391,1.74316407
806,1.71069336,1.04052735,-1.76708985
807,1.76660157,1.08178711,1.69921875
808,1.7788085999999999,1.04418946,1.70654297
809,1.78076172,1.05273438,1.69799805
810,1.79077149,1.04882813,1.69628907
811,1.78271485,1.05590821,1.69140625
812,1.80981446,1.0600586,1.70776368
813,1.8022460999999999,1.0534668,1.68359375
814,1.78979493,1.05249024,1.68896485
815,1.86938477,0.99951172,1.6850585999999999
816,1.76489258,0.87768555,1.72558594
817,0.45800782,-1.875,-1.77124024
818,1.05493165,1.28637696,-0.61157227
819,0.72387696,-1.7956543000000003,-1.61450196
820,1.18408204,1.33203125,1.84326172
821,1.51074219,1.2163086,1.46069336
822,-1.98266602,0.86743165,1.60839844
823,1.90307618,0.90722657,1.81103516
824,1.71459961,0.77465821,-1.54931641
825,1.33666993,0.59277344,-1.67993165
826,1.61108399,1.35449219,1.80151368
827,0.73168946,1.46166993,0.58886719
828,1.83105469,1.02148438,-1.77661133
829,1.97485352,1.08666993,1.60351563
830,-1.75830079,1.05078125,1.68310547
831,1.80126954,1.03417969,1.75561524
832,-1.76245118,1.04052735,1.72827149
833,1.78955079,1.01953125,1.77978516
834,1.8046875,1.0534668,1.76025391
835,1.78491211,1.03735352,1.74462891
836,1.7944335999999999,1.02832032,1.76074219
837,1.7854004,1.01831055,1.71191407
838,1.77246094,0.99291993,1.80395508
839,1.76806641,0.95483399,-1.76660157
840,1.55371094,0.62451172,1.8244629
841,1.47314454,1.14233399,1.51489258
842,1.31225586,1.26000977,1.24169922
843,1.11108399,1.21557618,1.80175782
844,-1.77319336,1.07104493,1.47705079
845,1.62768555,1.29541016,1.11157227
846,1.78637696,1.00244141,1.38134766
847,1.75878907,1.04614258,1.87597657
848,1.7553710999999999,1.10595704,-1.87622071
849,1.71435547,1.45239258,-1.95654297
850,-1.51416016,-0.97607422,-1.76953125
851,-1.92993165,-1.875,0.12280274
852,1.80322266,0.31884766,1.4519043
853,1.9194335999999999,1.14208985,1.6796875
854,1.88671875,1.08251954,1.62939454
855,1.86743165,1.01489258,1.74023438
856,1.87841797,1.0234375,1.75634766
857,1.8947754,1.02075196,1.75146485
858,1.88427735,1.03076172,-1.76611329
859,1.85717774,1.03466797,1.73657227
860,1.85302735,1.01782227,1.7487793000000003
861,1.85083008,1.0209960999999999,1.76684571
862,1.8413085999999999,1.03222657,1.75585938
863,1.86059571,1.03051758,1.77416993
864,1.8425293000000003,1.04174805,1.76464844
865,1.82763672,1.03833008,1.77856446
866,1.84838868,1.02392579,1.76147461
867,1.88574219,1.00463868,1.82519532
868,1.50146485,1.05957032,1.74853516
869,1.47021485,0.58276368,-1.92431641
870,-1.27465821,-1.875,1.4584961
871,-1.54418946,0.56689454,1.36889649
872,-1.75756836,1.02563477,-1.83520508
873,-1.92504883,1.3515625,-1.51147461
874,-1.97314454,0.87231446,-1.8256835999999999
875,1.70629883,0.70239258,1.99780274
876,1.53393555,0.86621094,1.83203125
877,0.21337891,-1.94628907,1.6369628999999999
878,-1.875,1.6303711,1.40478516
879,0.00097657,-1.64111329,1.10131836
880,1.60498047,-1.875,1.67626954
881,1.40942383,0.80761719,-1.89233399
882,1.7944335999999999,0.6838379,1.69213868
883,1.97045899,1.06860352,1.77001954
884,-1.75830079,1.01293946,1.74536133
885,1.87768555,1.04003907,1.75512696
886,1.86499024,-1.81152344,1.77075196
887,1.85766602,1.0390625,1.75732422
888,1.86938477,1.02832032,1.76123047
889,1.8671875,1.05566407,1.77734375
890,1.87695313,1.02368165,1.75585938
891,1.87792969,1.0144043,1.76000977
892,1.92041016,1.0913086,-1.76513672
893,1.71997071,0.97802735,1.6538085999999999
894,1.72998047,-1.81469727,1.80859375
895,-6.104e-05,-1.875,0.84936524
896,-1.82202149,0.73559571,-1.43994141
897,1.37963868,1.15283204,-1.96215821
898,1.93676758,1.10888672,-1.95654297
899,-1.80590821,1.29980469,-1.83544922
900,1.45019532,0.99584961,-1.875
901,-1.78442383,1.17041016,1.22949219
902,-1.93603516,1.14892579,1.58251954
903,1.9963379,1.13964844,1.72387696
904,1.88793946,1.00366211,1.73583985
905,1.8635254,1.01269532,1.76684571
906,1.83300782,1.01098633,1.77856446
907,1.81152344,1.0354004,1.80053711
908,1.80664063,1.01464844,1.80371094
909,1.80517579,1.02539063,1.8010254
910,1.80126954,1.02465821,1.80664063
911,1.80859375,1.01391602,1.80297852
912,1.79956055,0.99902344,1.77563477
913,1.7775879,1.03100586,1.8100585999999999
914,1.60229493,0.67944336,1.66552735
915,-0.90063477,-1.875,1.96777344
916,1.35620118,-1.875,1.85327149
917,-1.92407227,-1.8725585999999999,-1.66455079
918,1.72998047,1.22998047,1.90869141
919,1.92309571,1.3178711,-1.72338868
920,-1.99511719,1.26708985,1.98706055
921,1.63061524,0.39648438,1.70776368
922,-6.104e-05,0.47094727,-1.25439454
923,-1.875,-1.7788085999999999,1.0546875
924,-1.875,-1.55566407,1.83300782
925,-1.875,-1.61669922,1.41357422
926,-1.29736329,-6.104e-05,-1.35668946
927,1.96459961,-1.875,-1.80444336
928,1.67089844,0.46069336,1.78100586
929,1.9416504,1.05810547,1.76220704
930,1.85351563,1.00488282,1.78295899
931,1.85644532,1.02465821,1.76782227
932,1.83642579,1.0209960999999999,1.82055665
933,1.83154297,1.04125977,1.8178710999999999
934,1.82006836,1.01782227,1.80249024
935,-1.76074219,1.03320313,1.79589844
936,1.83715821,1.04003907,1.80712891
937,1.84594727,1.0378418,1.77172852
938,1.81396485,1.02026368,1.78491211
939,1.76806641,0.91455079,1.78686524
940,0.71386719,1.58178711,1.68920899
941,1.29638672,-1.875,-1.33447266
942,1.55664063,-1.875,1.9506835999999999
943,1.50366211,1.37646485,1.9194335999999999
944,1.86962891,1.09643555,-1.7175293000000003
945,-1.94042969,1.17749024,-1.99145508
946,1.93066407,0.96801758,1.59545899
947,1.5600586,0.20556641,1.72363282
948,0.00463868,-1.875,1.21801758
949,1.90942383,1.02905274,1.79370118
950,1.87231446,1.0209960999999999,1.75463868
951,1.83398438,1.02490235,1.7697754
952,1.82983399,1.00878907,1.78588868
953,1.81640625,1.01464844,1.8022460999999999
954,1.81445313,1.03100586,1.78320313
955,1.83032227,1.03051758,1.79907227
956,1.84960938,1.06201172,1.7956543000000003
957,1.79101563,0.9987792999999999,-1.76220704
958,1.75292969,0.86840821,1.84960938
959,1.5925293,1.41552735,-1.58154297
960,1.99682618,-1.875,-1.7644043000000003
961,-1.98779297,0.19555665,1.58789063
962,1.2475586,1.53320313,1.79785157
963,1.88378907,1.24267579,-1.4807128999999999
964,-1.96166993,1.18164063,-1.70214844
965,1.7578125,0.80273438,1.82250977
966,1.18457032,0.10473633,1.4272461
967,-1.875,1.80444336,1.45605469
968,-1.875,1.88671875,1.82617188
969,-1.875,-0.81372071,-1.97558594
970,-1.65161133,0.38891602,-1.875
971,1.90307618,0.08544922,1.55419922
972,-1.98168946,1.10791016,1.4741211
973,1.93676758,1.00195313,1.75244141
974,1.89355469,1.01000977,1.8100585999999999
975,1.85473633,1.02050782,1.75512696
976,1.84667969,1.02539063,1.77612305
977,1.82983399,1.00708008,1.80126954
978,1.8203125,1.01147461,1.80957032
979,1.83642579,1.02172852,1.79345704
980,1.82373047,1.03930665,1.77636719
981,1.80175782,1.03051758,-1.76293946
982,1.83300782,1.0432129,1.73583985
983,1.78393555,0.99462891,1.77661133
984,1.75195313,0.66186524,1.72509766
985,1.81152344,-1.875,-1.65161133
986,1.25366211,-1.875,1.9572754
987,1.49951172,0.39282227,1.63842774
988,1.69067383,-0.94970704,-1.90283204
989,1.87988282,1.31079102,-1.5144043
990,1.97314454,1.17797852,-1.93017579
991,1.6069336,0.68920899,1.62646485
992,1.57592774,0.02294922,1.69311524
993,-1.875,-1.875,1.0234375
994,-1.875,1.93969727,1.74487305
995,-1.875,-1.96313477,1.71850586
996,0.36840821,1.9675293000000003,-1.70556641
997,1.0378418,1.40039063,-1.03271485
998,-1.76269532,-1.875,-1.75805665
999,1.57983399,0.46704102,1.56347657
1000,1.86279297,1.02685547,1.77929688
1001,1.87963868,1.0366210999999999,1.74267579
1002,1.87084961,1.03247071,1.76879883
1003,1.86206055,1.01391602,1.76293946
1004,1.92041016,1.09838868,1.8190918000000003
1005,1.86865235,1.07617188,1.78271485
1006,1.86669922,0.92675782,-1.76586915
1007,-6.104e-05,-1.875,0.47143555
1008,1.4921875,-1.875,1.68530274
1009,1.38964844,0.4807129,-1.71362305
1010,-1.82250977,1.14428711,-1.9284668000000003
1011,-1.96557618,1.34228516,1.97045899
1012,-1.87646485,0.97338868,1.5534668
1013,1.59301758,-1.8334960999999999,1.58251954
1014,1.68432618,0.5354004,1.42138672
1015,0.53613282,-1.875,0.71728516
1016,-1.875,1.47875977,1.45019532
1017,-1.875,-0.79028321,1.85595704
1018,-6.104e-05,-1.875,-1.58496094
1019,-1.52124024,0.90722657,-1.875
1020,1.85766602,0.81152344,-1.87744141
1021,-1.89672852,0.89550782,1.66064454
1022,1.93359375,1.07495118,1.73901368
1023,1.90722657,0.97973633,1.77148438
1024,1.89672852,1.01147461,1.79980469
1025,1.86157227,1.00976563,1.76660157
1026,1.85083008,0.99829102,1.7956543000000003
1027,1.84741211,1.00488282,1.80371094
1028,1.85083008,1.02807618,1.77978516
1029,1.8713379,-1.80908204,1.77172852
1030,1.86059571,1.03613282,1.78564454
1031,1.86181641,1.00634766,1.77075196
1032,1.84570313,0.9987792999999999,1.79199219
1033,1.8178710999999999,0.91967774,1.86450196
1034,1.5456543,-1.8178710999999999,1.26147461
1035,-0.15332032,-1.875,1.3828125
1036,-1.56713868,-1.875,-1.72802735
1037,1.54589844,0.60473633,1.95629883
1038,1.95117188,1.46142579,-1.984375
1039,-1.97583008,1.1616211,-1.3959961
1040,1.85522461,1.02514649,-1.82202149
1041,1.45019532,0.40185547,-1.82641602
1042,1.24169922,0.40893555,-1.90966797
1043,-1.875,0.98730469,-1.78442383
1044,-1.875,1.80639649,-1.77270508
1045,-1.875,-1.23144532,1.82055665
1046,-1.83447266,0.05004883,-1.875
1047,-1.53466797,0.52124024,0.53808594
1048,1.56542969,0.61938477,-1.84448243
1049,1.82202149,0.92431641,1.88867188
1050,1.91137696,1.0378418,1.72509766
1051,1.89624024,1.00366211,1.75561524
1052,1.87451172,1.02172852,1.7866210999999999
1053,1.83520508,1.03637696,1.75683594
1054,1.8557129,1.05004883,1.79663086
1055,1.81469727,1.00756836,1.80322266
1056,1.82397461,1.03222657,1.82128907
1057,1.8244629,1.01660157,1.7854004
1058,1.84692383,1.03442383,1.78881836
1059,1.82592774,1.00903321,1.77514649
1060,1.82080079,1.02539063,1.72192383
1061,1.66186524,0.7565918,1.6928710999999999
1062,1.96411133,-1.875,-1.14233399
1063,1.20654297,-1.875,-1.81518555
1064,1.66381836,0.02905274,1.89331055
1065,-1.97924805,-0.95019532,1.96728516
1066,1.77075196,1.18676758,-1.56616211
1067,1.83447266,1.2697753999999999,-1.72045899
1068,1.41699219,1.02319336,1.89355469
1069,1.16772461,0.48828125,-1.90405274
1070,0.73242188,-1.875,1.2697753999999999
1071,-1.875,1.28051758,1.34863282
1072,-1.875,-1.65820313,1.86645508
1073,-1.875,1.96728516,-1.97631836
1074,-6.104e-05,-1.12182618,0.42944336
1075,-1.45117188,-1.02734375,1.86254883
1076,1.74389649,1.07080079,1.90820313
1077,1.85888672,1.0925293,1.7932129
1078,1.8359375,1.00390625,1.81103516
1079,1.87963868,1.03295899,1.78295899
1080,1.87890625,1.03393555,1.77368165
1081,1.84692383,1.02661133,1.77636719
1082,1.82910157,1.02490235,1.79150391
1083,1.85449219,1.02856446,1.7775879
1084,1.8400879,1.05004883,1.79052735
1085,1.83520508,1.02319336,1.78735352
1086,1.83007813,1.02807618,1.78222657
1087,1.85424805,0.98754883,1.79125977
1088,-1.75830079,1.00195313,1.80200196
1089,1.59667969,0.92993165,1.82641602
1090,1.85913086,0.20141602,-1.72631836
1091,-0.78710938,-1.875,-1.43945313
1092,1.55810547,0.00195313,-1.8647460999999999
1093,-0.67504883,-1.02246094,-1.56518555
1094,-1.96069336,1.10595704,-1.70141602
1095,1.66357422,1.09619141,1.95678711
1096,1.35913086,1.22851563,-1.82153321
1097,1.4025878999999999,-1.81811524,-1.1381836
1098,-1.875,-1.875,-1.66333008
1099,-1.875,1.37695313,1.71582032
1100,1.8491210999999999,1.03955079,1.73803711
1101,1.83813477,1.03637696,1.73803711
1102,1.84082032,1.02954102,1.73242188
1103,1.83935547,1.02026368,1.71533204
1104,1.86279297,1.06567383,1.71826172
1105,1.83300782,-1.8100585999999999,1.74487305
1106,1.8347168000000003,-1.81030274,1.72460938
1107,1.81201172,1.03881836,1.74731446
1108,1.83813477,1.04199219,1.74487305
1109,1.8190918000000003,1.03588868,1.73266602
1110,1.82055665,1.04174805,1.74462891
1111,1.80859375,0.99707032,1.73754883
1112,1.82495118,1.01660157,1.72021485
1113,1.77050782,0.99682618,1.7578125
1114,1.78759766,0.96826172,1.70703125
1115,1.48046875,1.28271485,1.28808594
1116,1.38403321,1.23339844,1.72924805
1117,1.54931641,-1.79614258,-1.94140625
1118,1.74340821,1.14282227,-1.98339844
1119,1.78393555,1.01367188,1.78222657
1120,1.90600586,0.97949219,1.6484375
1121,-1.94018555,0.92041016,1.67089844
1122,-1.8034668000000003,0.94750977,-1.76391602
1123,-1.7956543000000003,0.96655274,1.66088868
1124,-1.83837891,0.86499024,1.6838379
1125,-1.94897461,-1.81860352,-1.75488282
1126,1.85229493,0.95166016,-1.73144532
1127,1.37841797,1.28515625,-1.99414063
1128,1.19873047,1.39868165,1.13916016
1129,1.75732422,1.86694336,1.55493165
1130,1.78759766,0.7644043,1.47143555
1131,1.79907227,0.97314454,1.7553710999999999
1132,1.8334960999999999,1.01489258,1.7241210999999999
1133,1.88500977,1.04663086,1.74536133
1134,1.89013672,1.00805665,1.75854493
1135,1.86303711,1.01367188,1.72875977
1136,1.89453125,1.04223633,1.69995118
1137,1.92797852,1.06054688,1.72778321
1138,1.88476563,1.02587891,1.7241210999999999
1139,1.88208008,1.02514649,1.71313477
1140,1.88256836,1.03100586,1.71533204
1141,1.87768555,1.02270508,1.71337891
1142,1.8803710999999999,1.03393555,1.72363282
1143,1.88842774,1.0366210999999999,1.71459961
1144,1.89282227,1.02661133,1.69921875
1145,1.92480469,1.0510253999999999,1.70092774
1146,1.91503907,-1.80932618,1.71459961
1147,1.93432618,1.04809571,1.7175293000000003
1148,1.89501954,1.03759766,1.68652344
1149,1.88647461,1.04052735,1.6760254
1150,1.88525391,1.03515625,1.69213868
1151,1.89404297,1.04956055,1.69433594
1152,1.91015625,1.03759766,1.72827149
1153,1.91845704,0.98559571,1.69702149
1154,-1.76513672,1.05029297,1.78808594
1155,1.55200196,-1.80688477,-1.98828125
1156,1.81079102,1.32128907,1.40185547
1157,1.85766602,1.00219727,1.75610352
1158,1.81176758,1.05566407,1.80615235
1159,-1.96997071,-1.79736329,1.91235352
1160,1.99536133,1.18359375,1.8725585999999999
1161,1.95605469,1.09765625,-1.97802735
1162,1.9194335999999999,-1.79980469,-1.71215821
1163,1.83911133,1.23095704,1.92749024
1164,1.81347657,1.00488282,1.34106446
1165,1.93579102,0.8725586,1.26953125
1166,-1.95507813,-1.92382813,1.72583008
1167,-1.875,-1.74047852,0.24560547
1168,0.64404297,0.47070313,-1.55810547
1169,1.49414063,0.65405274,1.75244141
1170,1.82397461,-1.8203125,1.74291993
1171,1.91503907,1.03833008,-1.765625
1172,1.93457032,1.07397461,1.75170899
1173,1.90917969,1.05493165,1.73901368
1174,1.88842774,0.99926758,1.74682618
1175,1.86865235,1.02148438,1.73266602
1176,1.86523438,1.0144043,-1.76586915
1177,1.88134766,1.02172852,1.7319335999999999
1178,1.87890625,1.04028321,1.72998047
1179,1.89550782,1.03442383,1.72802735
1180,1.88916016,1.04980469,1.72119141
1181,1.8947754,1.03808594,1.71069336
1182,1.8881835999999999,1.03735352,1.70141602
1183,1.87646485,1.02856446,1.70800782
1184,1.90283204,1.06738282,1.69799805
1185,1.91357422,1.07617188,1.70410157
1186,1.8815918000000003,1.06225586,1.66748047
1187,1.99609375,1.02807618,1.76123047
1188,1.76904297,1.03735352,1.64331055
1189,1.72753907,0.98168946,1.44067383
1190,1.72485352,0.15063477,1.82666016
1191,1.70458985,0.03808594,-1.74023438
1192,1.50219727,0.51367188,-0.49438477
1193,1.2866211,-1.99536133,1.81396485
1194,1.94311524,1.41748047,1.59497071
1195,1.92797852,0.93286133,1.83398438
1196,1.73022461,-1.82006836,1.90039063
1197,1.72680665,0.83666993,-1.6550293000000003
1198,1.81420899,-1.87207032,-1.90917969
1199,0.91210938,1.45434571,1.59106446
1200,1.87890625,1.04028321,1.72998047
1201,1.89550782,1.03442383,1.72802735
1202,1.88916016,1.04980469,1.72119141
1203,1.8947754,1.03808594,1.71069336
1204,1.8881835999999999,1.03735352,1.70141602
1205,1.87646485,1.02856446,1.70800782
1206,1.90283204,1.06738282,1.69799805
1207,1.91357422,1.07617188,1.70410157
1208,1.8815918000000003,1.06225586,1.66748047
1209,1.99609375,1.02807618,1.76123047
1210,1.76904297,1.03735352,1.64331055
1211,1.72753907,0.98168946,1.44067383
1212,1.72485352,0.15063477,1.82666016
1213,1.70458985,0.03808594,-1.74023438
1214,1.50219727,0.51367188,-0.49438477
1215,1.2866211,-1.99536133,1.81396485
1216,1.94311524,1.41748047,1.59497071
1217,1.92797852,0.93286133,1.83398438
1218,1.73022461,-1.82006836,1.90039063
1219,1.72680665,0.83666993,-1.6550293000000003
1220,1.81420899,-1.87207032,-1.90917969
1221,0.91210938,1.45434571,1.59106446
1222,0.94433594,0.8881836,1.22070313
1223,1.09716797,1.60742188,1.49316407
1224,1.19702149,1.48022461,1.70092774
1225,1.3635253999999999,1.40429688,1.69360352
1226,1.41186524,1.58032227,1.74804688
1227,-1.54248047,0.53833008,0.28930665
1228,-0.40307618,0.0678711,0.68481446
1229,1.76928711,1.54882813,1.79833985
1230,1.93994141,0.95556641,1.64575196
1231,1.94506836,1.06835938,1.72119141
1232,1.91357422,1.00927735,1.80200196
1233,1.96435547,1.0666503999999999,1.79272461
1234,1.95532227,1.0612793,1.73583985
1235,1.87011719,1.01098633,1.76464844
1236,1.89746094,1.03295899,1.79150391
1237,1.88403321,1.02490235,1.75732422
1238,1.86645508,1.02514649,1.7734375
1239,1.86840821,-1.81176758,1.76123047
1240,1.84838868,1.0354004,1.7800293000000003
1241,1.85644532,-1.8100585999999999,-1.76269532
1242,1.82983399,0.9975586,1.80615235
1243,1.8203125,0.94067383,1.86206055
1244,1.81738282,0.98925782,1.73095704
1245,1.7944335999999999,0.7175293,1.6447754
1246,-0.89648438,-1.875,1.70117188
1247,-1.80249024,-1.875,-1.86108399
1248,0.89160157,-1.875,-1.10742188
1249,-1.40869141,0.61328125,1.70532227
1250,-1.62011719,1.13989258,1.93310547
1251,-1.99536133,-1.80444336,1.59765625
1252,1.93847657,0.68676758,1.4440918
1253,1.90429688,0.95410157,1.12060547
1254,1.86230469,0.22314454,0.05761719
1255,0.4572754,1.44262696,0.8334961
1256,0.18139649,1.87329102,1.66381836
1257,0.67895508,1.99145508,1.52124024
1258,1.08178711,-1.875,1.70239258
1259,-1.55566407,-1.81591797,0.43579102
1260,-1.76269532,1.29882813,-1.75708008
1261,1.96777344,1.10180665,1.65966797
1262,-1.75390625,1.01123047,1.76464844
1263,1.86791993,0.99267579,1.81152344
1264,1.89038086,0.99145508,1.7397460999999999
1265,1.86840821,1.01098633,1.75634766
1266,1.86181641,1.02465821,1.80859375
1267,1.86694336,1.03833008,1.76708985
1268,1.86206055,1.02636719,1.78833008
1269,1.81567383,1.01733399,1.8178710999999999
1270,1.84716797,1.03515625,1.81982422
1271,1.81811524,1.02026368,1.80444336
1272,1.83007813,0.98022461,1.82592774
1273,1.85424805,0.9765625,1.84326172
1274,1.46118165,0.81713868,1.5444336
1275,-1.97338868,0.06738282,-1.88183594
1276,-1.57177735,0.21630860000000002,-1.87866211
1277,1.74121094,0.27905274,1.79663086
1278,-1.77807618,1.54638672,1.69750977
1279,1.9831543000000003,-1.79370118,-1.72192383
1280,-1.80541993,1.12109375,1.9897460999999999
1281,1.83862305,0.61816407,1.72387696
1282,1.57397461,0.17919922,1.73803711
1283,0.60449219,0.4428710999999999,1.47680665
1284,0.31005859999999996,1.60473633,1.38403321
1285,-1.875,-1.5222168,-1.92504883
1286,0.91333008,1.48803711,1.44506836
1287,-1.6640625,0.98242188,0.78491211
1288,0.88989258,-1.875,1.69433594
1289,1.4260253999999999,1.44042969,1.87329102
1290,1.73217774,-1.82836915,1.82104493
1291,1.95092774,1.08081055,1.71044922
1292,1.90893555,1.03344727,1.73413086
1293,1.90600586,1.06542969,1.76416016
1294,1.84497071,1.01123047,1.74804688
1295,1.84619141,1.01831055,1.73291016
1296,1.83886719,1.03417969,1.78369141
1297,1.84155274,1.0354004,1.75634766
1298,1.8347168000000003,1.05200196,1.77392579
1299,1.84155274,1.02734375,1.7385254
1300,1.7541504,1.04663086,1.8046875
1301,1.75366211,1.04516602,1.80566407
1302,1.78051758,1.04003907,1.77856446
1303,1.76879883,1.04956055,1.77514649
1304,1.75463868,0.99658204,1.8034668000000003
1305,-1.76831055,0.92553711,1.9025879
1306,1.80200196,-1.84082032,1.33813477
1307,-0.05737305,-1.875,1.74536133
1308,1.82177735,0.51831055,1.42480469
1309,-1.77392579,0.33837891,1.88793946
1310,-1.85522461,0.89672852,-1.64941407
1311,1.81811524,1.26904297,-1.9831543000000003
1312,1.4494628999999999,0.54882813,-1.89111329
1313,1.44995118,0.32055665,-1.95214844
1314,1.26098633,0.79150391,1.17822266
1315,-1.875,-1.6538085999999999,1.36987305
1316,-1.875,-1.38793946,-1.82226563
1317,-1.875,-1.875,-1.875
1318,0.71997071,1.35302735,0.8034668
1319,1.9572754,1.20922852,1.85717774
1320,1.81982422,0.98608399,1.82226563
1321,1.81982422,1.02636719,1.73901368
1322,1.85205079,1.31616211,1.79541016
1323,-1.76464844,1.02148438,1.74975586
1324,1.76733399,1.02490235,1.79174805
1325,1.75097657,1.02783204,1.81030274
1326,1.75732422,1.0456543,1.81616211
1327,1.78466797,1.04003907,1.78710938
1328,1.76147461,-1.8088379,-1.76342774
1329,1.73022461,1.15209961,1.78955079
1330,1.76171875,1.03735352,1.77490235
1331,1.72485352,1.06567383,1.72460938
1332,1.70166016,0.88476563,1.7109375
1333,-0.31616211,-1.875,1.45239258
1334,1.69799805,-1.875,-1.76733399
1335,-1.99731446,0.41723633,-1.98901368
1336,1.82373047,1.61962891,1.86157227
1337,-1.80957032,1.16650391,-1.7097168000000003
1338,-1.94140625,1.13012696,1.91015625
1339,1.70654297,0.67675782,1.90600586
1340,1.5078125,0.17944336,-1.95556641
1341,-1.875,-1.875,1.3034668
1342,-1.875,1.37158204,1.54272461
1343,-1.875,-1.64965821,1.95288086
1344,0.72583008,-1.92919922,-1.97802735
1345,0.91308594,1.6682129,-1.06738282
1346,1.46459961,-1.875,-1.66015625
1347,1.73144532,0.84301758,1.75219727
1348,1.84277344,1.00122071,1.7878418000000003
1349,1.82104493,1.03564454,1.7697754
1350,1.78833008,1.03247071,1.78857422
1351,-1.76464844,1.02636719,1.8100585999999999
1352,1.77441407,1.03979493,1.82934571
1353,1.76684571,1.03222657,1.81738282
1354,-1.76464844,1.0456543,1.8166504
1355,1.77294922,1.04467774,1.8112793000000003
1356,1.78491211,1.07763672,1.84204102
1357,1.76147461,1.03271485,1.81445313
1358,1.71850586,1.00805665,1.79980469
1359,1.65014649,0.85913086,-1.76367188
1360,1.46972657,-1.875,-1.69262696
1361,1.1472168,-1.875,1.85644532
1362,-1.85375977,1.0534668,1.79956055
1363,1.52587891,1.69775391,1.80175782
1364,-1.98559571,1.34814454,-1.65893555
1365,-1.99194336,1.25170899,-1.9338379
1366,1.72583008,0.67919922,1.85742188
1367,1.46606446,0.29589844,1.91503907
1368,-1.875,-1.875,1.60205079
1369,-1.875,1.44775391,1.82470704
1370,-1.875,-1.81616211,1.98217774
1371,0.24267579,-1.875,-1.875
1372,-1.50317383,0.27099609999999996,-1.79931641
1373,1.86132813,0.96264649,-1.80029297
1374,1.84741211,0.97924805,1.69799805
1375,1.98999024,1.09521485,1.79345704
1376,1.82397461,0.93261719,1.74487305
1377,1.88769532,1.04980469,1.75122071
1378,1.82202149,1.0288085999999999,1.78686524
1379,1.78613282,-1.81225586,1.82299805
1380,1.78515625,1.01782227,1.79516602
1381,1.80761719,0.98681641,1.82226563
1382,1.81201172,1.02832032,1.79614258
1383,1.7463379,1.03442383,1.80639649
1384,1.77246094,1.00976563,1.82080079
1385,1.76391602,0.99121094,1.80615235
1386,1.67822266,0.82006836,1.98217774
1387,-1.02172852,0.4050293,-1.94628907
1388,1.60253907,-1.875,1.9663085999999999
1389,-1.95092774,0.72802735,1.62622071
1390,-1.77734375,1.58789063,-1.99340821
1391,-1.9909668000000003,1.12084961,-1.2019043
1392,1.94897461,1.1213378999999999,-1.42382813
1393,1.57592774,0.83837891,-1.67700196
1394,1.2722168,0.16894532,-1.7097168000000003
1395,-1.98120118,-1.99316407,-1.68408204
1396,-1.875,1.55078125,0.81494141
1397,-1.875,-1.58862305,1.78466797
1398,1.38623047,1.91723633,1.37622071
1399,0.76171875,1.06494141,-1.76367188
1400,1.85400391,0.72167969,1.79150391
1401,-1.97265625,1.08276368,1.69897461
1402,1.89990235,1.0588378999999999,1.7800293000000003
1403,1.88671875,1.01757813,1.76171875
1404,1.85473633,1.03393555,1.74316407
1405,1.81835938,1.05053711,1.77514649
1406,-1.76171875,-1.81152344,1.7565918000000003
1407,1.8203125,1.03637696,1.7878418000000003
1408,1.76123047,1.04492188,1.77124024
1409,1.86206055,1.02124024,1.79833985
1410,1.7734375,1.04199219,1.75732422
1411,1.82495118,1.0041504,1.72143555
1412,1.64160157,0.91308594,1.80395508
1413,0.99511719,1.52783204,1.83422852
1414,-1.6953125,-1.875,-1.8347168000000003
1415,1.80444336,0.38647461,-1.84277344
1416,-0.9416504000000001,-6.104e-05,-1.58276368
1417,-1.89160157,1.39331055,1.98046875
1418,1.82934571,1.14355469,1.93359375
1419,1.66064454,1.0546875,1.68286133
1420,1.6394043000000003,0.36279297,1.96166993
1421,0.84667969,-1.875,1.86938477
1422,-1.875,1.19067383,1.85644532
1423,-1.875,-1.5041503999999999,1.59594727
1424,-1.875,-1.63183594,1.7175293000000003
1425,-1.63769532,1.08691407,-1.875
1426,-1.23291016,-1.75170899,1.19970704
1427,1.62939454,0.35498047,1.91137696
1428,1.97265625,0.99438477,1.73803711
1429,-1.97583008,1.00952149,1.83740235
1430,1.8828125,0.89453125,1.73217774
1431,1.91528321,1.0612793,1.78051758
1432,1.8334960999999999,0.9975586,1.75244141
1433,1.8256835999999999,1.05273438,1.79394532
1434,1.80761719,1.00927735,1.77075196
1435,1.84643555,1.02783204,-1.76660157
1436,1.84863282,0.96313477,1.80566407
1437,1.77905274,0.98876954,1.75219727
1438,1.85131836,0.98608399,1.75488282
1439,1.72558594,0.96557618,1.78320313
1440,1.5991211,0.7631836,1.78613282
1441,-1.64282227,-1.79833985,1.74365235
1442,-0.8010254,-1.875,-1.8034668000000003
1443,1.50439454,0.28295899,1.78833008
1444,1.93847657,1.00097657,-1.99584961
1445,-1.7072754,0.73999024,-1.84155274
1446,1.64184571,1.1315918,1.82592774
1447,1.42822266,0.54077149,1.80200196
1448,1.6057128999999999,-0.45385743,-1.27709961
1449,-1.875,-1.875,0.99072266
1450,-1.875,1.74780274,1.11791993
1451,-1.875,-1.31372071,1.94018555
1452,-1.90747071,-6.104e-05,-1.59814454
1453,-1.99462891,1.09960938,-1.77319336
1454,1.96240235,1.27734375,1.67700196
1455,-1.97705079,1.09863282,1.59033204
1456,1.92797852,1.05053711,1.72241211
1457,1.85205079,1.03271485,1.70703125
1458,1.80786133,1.01293946,1.72973633
1459,1.79931641,1.0222168,1.72070313
1460,1.81396485,-1.80932618,1.74975586
1461,1.82348633,1.03588868,1.73388672
1462,1.8984375,1.06689454,1.67382813
1463,1.80981446,1.04492188,1.75683594
1464,1.81762696,-1.80664063,1.75878907
1465,1.83886719,1.03637696,1.69677735
1466,1.63720704,1.01831055,1.65722657
1467,1.30078125,0.85717774,1.85375977
1468,1.64990235,-1.875,-1.67260743
1469,-1.24121094,0.54663086,-1.95556641
1470,0.07739258,0.50488282,1.54174805
1471,1.8881835999999999,1.85229493,-1.83569336
1472,-1.98168946,1.53271485,1.84960938
1473,1.77416993,0.87109375,1.56079102
1474,1.79223633,0.55981446,1.71313477
1475,-1.76025391,1.85180665,1.94873047
1476,0.61206055,1.1628418,1.35888672
1477,-1.875,-1.27978516,1.78759766
1478,-1.875,-1.31103516,1.41186524
1479,0.70458985,1.58569336,-1.875
1480,0.37768555,-1.875,0.99438477
1481,1.80419922,1.6369628999999999,1.97021485
1482,1.97143555,1.16333008,1.60229493
1483,-1.75927735,-1.81396485,1.8046875
1484,1.84033204,1.02929688,1.7463379
1485,1.80712891,1.03027344,1.79663086
1486,1.76831055,1.03808594,1.7619629
1487,1.78076172,1.02661133,1.78857422
1488,1.76684571,1.02807618,1.78393555
1489,1.79150391,1.03710938,1.79467774
1490,1.67626954,1.06445313,1.73632813
1491,1.78320313,1.05664063,1.74707032
1492,1.66210938,0.94799805,1.67285157
1493,1.55908204,0.82495118,1.57543946
1494,-0.31884766,-1.875,-1.78198243
1495,-0.51000977,-1.875,1.56835938
1496,0.30859375,0.25634766,1.23559571
1497,-1.5197753999999999,0.38354493,1.72363282
1498,-1.82177735,0.87060547,-1.69433594
1499,1.6953125,1.2541503999999999,1.87817383
1500,1.88891602,1.01904297,1.79907227
1501,1.87963868,1.00830079,1.8088379
1502,1.91064454,1.03613282,1.7854004
1503,1.87597657,1.00830079,1.81689454
1504,-1.75561524,1.00317383,1.80322266
1505,1.9116210999999999,0.99536133,1.78222657
1506,1.90820313,0.9597167999999999,1.80419922
1507,1.66870118,0.96972657,1.79223633
1508,1.45776368,0.28076172,1.77954102
1509,1.46533204,0.03417969,-1.6394043000000003
1510,-0.33227540000000005,1.52954102,-1.91528321
1511,-1.3947753999999999,-6.104e-05,-1.70507813
1512,-1.9453125,1.30273438,-1.69018555
1513,1.87207032,1.35009766,-1.89770508
1514,1.47998047,0.49291993,-1.77783204
1515,1.67651368,0.46240235,-1.78295899
1516,1.10473633,0.90087891,-1.98095704
1517,0.85644532,1.97460938,1.16357422
1518,-1.875,-1.9765625,-1.76025391
1519,-1.875,-1.95141602,-1.99414063
1520,0.66748047,-1.875,-1.875
1521,-1.11767579,-1.875,-1.875
1522,1.3984375,0.93286133,1.48339844
1523,-1.95776368,1.23754883,1.66381836
1524,1.83837891,0.98632813,1.6928710999999999
1525,1.84985352,1.01513672,1.74267579
1526,-1.76123047,1.02026368,1.72607422
1527,1.8022460999999999,1.02490235,1.7409668000000003
1528,-1.76025391,1.04003907,1.76367188
1529,1.80615235,1.04614258,1.73681641
1530,1.80371094,1.0300293,1.7253418000000003
1531,1.80249024,1.04272461,1.73339844
1532,1.81469727,1.05322266,-1.76733399
1533,1.84350586,1.04125977,1.66381836
1534,1.58056641,0.72070313,1.66577149
1535,-1.7734375,0.57592774,-1.41601563
1536,1.57006836,-1.875,-1.59570313
1537,0.44384766,0.11914063,-1.60180665
1538,-1.03564454,-1.875,-1.76831055
1539,-1.99169922,0.77270508,1.86694336
1540,1.69653321,1.34545899,1.59692383
1541,1.9104004,0.86157227,-1.77490235
1542,1.63354493,0.22900391,1.55639649
1543,-1.875,0.18164063,0.50439454
1544,-1.875,1.2619628999999999,1.87890625
1545,-1.875,-1.10473633,1.39892579
1546,0.93188477,0.90209961,-1.95507813
1547,0.5690918,0.0390625,-1.67529297
1548,-1.25366211,1.67553711,0.97338868
1549,1.90063477,0.76269532,1.54516602
1550,1.96337891,1.02172852,1.64282227
1551,1.83178711,0.99707032,1.79150391
1552,1.86083985,1.06030274,1.78393555
1553,1.79541016,1.01708985,1.78442383
1554,1.80200196,-1.80981446,1.78344727
1555,1.78588868,1.01831055,1.76928711
1556,1.81225586,1.05249024,1.76879883
1557,1.81640625,1.0534668,1.75878907
1558,1.80004883,1.04785157,1.80395508
1559,1.79223633,1.02929688,1.76098633
1560,1.80151368,1.00366211,1.75463868
1561,1.73608399,0.94140625,1.70678711
1562,-1.79541016,0.94067383,1.52368165
1563,-1.86645508,-1.80859375,-1.88745118
1564,-0.11938477,-1.875,-1.9921875
1565,0.55444336,0.60180665,-1.73730469
1566,-1.88916016,1.54809571,1.7956543000000003
1567,1.86645508,1.07910157,1.91113282
1568,-1.76708985,1.30322266,1.7385254
1569,1.72558594,-1.84643555,1.77661133
1570,-6.104e-05,1.02563477,1.59082032
1571,0.16503907,1.80688477,0.88525391
1572,-1.875,1.74145508,1.45434571
1573,-1.875,-1.8046875,1.49707032
1574,-1.3515625,-1.85620118,-1.875
1575,-1.58325196,-1.99169922,-1.875
1576,1.74511719,1.00512696,1.99267579
1577,1.83764649,0.66357422,1.7307129
1578,1.93286133,0.96606446,1.6862793000000003
1579,1.92016602,1.05688477,1.78710938
1580,1.8815918000000003,-1.81054688,1.77148438
1581,1.85888672,1.02636719,1.78710938
1582,1.81079102,0.99853516,1.79614258
1583,1.8112793000000003,1.04077149,1.81640625
1584,1.76538086,1.04516602,1.79394532
1585,1.70898438,1.05639649,1.80175782
1586,1.80078125,1.03637696,1.79199219
1587,1.76733399,1.02563477,1.79882813
1588,1.76708985,-1.81347657,-1.75903321
1589,1.69970704,1.0366210999999999,1.89160157
1590,1.70898438,-1.875,-1.51586915
1591,1.21533204,-1.875,1.8947754
1592,1.60351563,0.7541504,1.96679688
1593,-1.39892579,-1.05908204,-1.97241211
1594,1.85791016,1.58105469,-1.9741210999999999
1595,1.70556641,1.21069336,-1.92211915
1596,1.66137696,0.90405274,1.8815918000000003
1597,1.62841797,0.13232422,1.7463379
1598,1.29907227,0.17065429999999998,0.72729493
1599,-1.875,0.98266602,1.67407227
1600,1.77026368,1.03613282,1.77001954
1601,1.78271485,1.02832032,1.76342774
1602,1.77832032,1.07226563,-1.7619629
1603,1.80444336,1.00927735,1.78833008
1604,1.78564454,0.99682618,1.8022460999999999
1605,1.73413086,0.99780274,-1.76513672
1606,1.4729003999999999,0.97143555,-1.76635743
1607,1.19262696,0.97705079,1.73632813
1608,0.44848633,0.60351563,-1.75805665
1609,1.11914063,-1.76855469,-1.8112793000000003
1610,1.6147461,0.83984375,-0.92358399
1611,-1.6550293000000003,1.15039063,1.37817383
1612,-1.25732422,1.12207032,0.83203125
1613,-1.4350586,0.98266602,1.11865235
1614,-1.88110352,0.89624024,-1.76660157
1615,-1.63549805,1.93432618,-1.96728516
1616,1.26416016,0.38232422,1.51953125
1617,0.76416016,-1.39526368,-1.88232422
1618,-6.104e-05,1.8088379,0.33520508
1619,-1.20141602,1.54003907,1.48583985
1620,-1.94384766,-1.77807618,1.63256836
1621,-1.96557618,1.05541993,1.66552735
1622,1.98242188,1.07275391,1.70556641
1623,1.98022461,0.9909667999999999,1.78417969
1624,-1.99829102,1.02392579,1.71801758
1625,-1.99145508,1.04296875,1.78637696
1626,1.98291016,1.0522461,1.78833008
1627,1.92163086,1.0234375,1.83911133
1628,1.88232422,1.01000977,1.82788086
1629,1.89160157,1.01293946,1.85449219
1630,1.85766602,1.00390625,1.8425293000000003
1631,1.86547852,-1.81030274,1.84594727
1632,1.84179688,1.05541993,1.85083008
1633,1.83154297,0.99267579,1.86572266
1634,1.73046875,0.95678711,1.88769532
1635,1.80395508,0.92626954,1.8947754
1636,1.06982422,1.30151368,1.91479493
1637,1.81201172,0.99243165,-1.83496094
1638,-1.67822266,-1.875,1.3088378999999999
1639,1.64575196,0.42285157,-1.65966797
1640,1.81054688,1.74072266,-1.74536133
1641,1.91894532,1.38476563,-1.5666503999999999
1642,1.76831055,1.2463378999999999,-1.93847657
1643,-1.77612305,0.6081543,1.76928711
1644,1.83398438,1.69018555,1.78759766
1645,-1.875,-1.875,0.55957032
1646,-1.875,-0.96386719,0.66748047
1647,0.1459961,-1.6394043000000003,1.68945313
1648,-1.64965821,-1.875,-1.58813477
1649,-1.2072753999999999,1.24560547,0.05200196
1650,1.74194336,0.90771485,1.89770508
1651,1.89282227,0.71533204,1.56884766
1652,-1.99047852,1.0612793,1.78051758
1653,-1.95336915,1.06054688,1.79028321
1654,-1.7578125,1.02490235,1.79028321
1655,1.8647460999999999,-1.81274415,1.78393555
1656,1.85180665,1.0275879,1.77636719
1657,1.84106446,1.00952149,1.83789063
1658,1.85180665,1.0222168,1.81591797
1659,1.82104493,1.03369141,1.80493165
1660,1.82666016,1.04467774,1.80639649
1661,1.83447266,1.02856446,1.77587891
1662,1.83789063,1.00488282,1.78295899
1663,1.65966797,0.84570313,1.77783204
1664,1.78637696,0.53369141,-1.51928711
1665,1.9025879,-1.875,1.93041993
1666,1.47705079,-1.875,1.74707032
1667,-1.875,-1.875,-1.77636719
1668,-1.99243165,1.4338378999999999,-1.8635254
1669,1.9140625,1.37744141,-1.83203125
1670,1.52587891,1.1706543,1.90014649
1671,1.48217774,0.46728516,1.76733399
1672,-1.90307618,1.75903321,-1.2644043
1673,0.54199219,1.26074219,1.0666503999999999
1674,-1.875,-1.40209961,1.42993165
1675,0.0690918,-1.80395508,1.93041993
1676,-0.54980469,0.35473633,-1.875
1677,0.89550782,-1.875,-1.15332032
1678,-1.96948243,-1.64770508,1.26904297
1679,-1.9038085999999999,1.4428711,1.53369141
1680,-1.9897460999999999,1.16235352,1.57788086
1681,1.97460938,1.13134766,1.73925782
1682,1.9416504,-1.81152344,1.82202149
1683,1.82983399,0.96704102,1.7854004
1684,1.86889649,1.05004883,1.80078125
1685,1.83105469,1.01147461,1.77050782
1686,1.84692383,1.04272461,1.81542969
1687,1.85473633,1.02636719,1.77441407
1688,1.8491210999999999,1.03222657,-1.76367188
1689,1.84619141,1.0222168,1.77416993
1690,1.88378907,0.97485352,-1.76342774
1691,1.70898438,0.86499024,1.82519532
1692,1.18994141,1.44018555,1.43530274
1693,1.52832032,-1.875,-1.86450196
1694,-0.25878907,0.90600586,-1.40673829
1695,-1.875,-1.875,1.52197266
1696,-1.99438477,1.37963868,-1.85742188
1697,1.88671875,1.21240235,-1.89428711
1698,1.47827149,1.21191407,1.77490235
1699,-1.77954102,0.6057129,1.86499024
1700,1.80688477,1.06347657,1.8166504
1701,1.80957032,1.04003907,1.83642579
1702,1.79809571,0.9909667999999999,1.82226563
1703,1.79492188,1.03588868,1.8269043000000003
1704,1.7097168000000003,0.91992188,-1.7553710999999999
1705,1.7854004,0.84960938,-1.77075196
1706,-1.13378907,-1.875,-1.63623047
1707,1.11523438,-1.875,1.90063477
1708,-1.99291993,0.87158204,-1.96533204
1709,-1.79492188,-1.84204102,1.86450196
1710,1.90893555,1.49926758,-1.44775391
1711,1.7878418000000003,1.24389649,-1.66845704
1712,1.52685547,0.90356446,1.9194335999999999
1713,1.30688477,0.12011719,1.93847657
1714,-1.875,-1.875,0.97192383
1715,-1.875,1.17309571,1.37353516
1716,-1.875,-1.67553711,1.97778321
1717,0.30249024,0.58813477,-1.7163085999999999
1718,1.47875977,-6.104e-05,-1.875
1719,-1.24560547,-1.86279297,-1.875
1720,1.76416016,0.74365235,1.72021485
1721,-1.90844727,1.00170899,1.58569336
1722,-1.9597168000000003,1.17309571,1.80029297
1723,1.91235352,1.0534668,1.79614258
1724,1.8725585999999999,1.02270508,1.77075196
1725,1.82617188,0.9897461,1.73901368
1726,1.8515625,1.0378418,1.77270508
1727,1.84033204,-1.80981446,1.76367188
1728,1.83007813,1.04223633,1.75976563
1729,1.85668946,1.05126954,1.77270508
1730,-1.75927735,1.03735352,1.76000977
1731,1.83129883,1.00585938,1.7697754
1732,1.85791016,0.9597167999999999,1.75634766
1733,-1.77050782,1.09497071,1.73095704
1734,-1.35644532,0.13061524,1.98339844
1735,1.24414063,-1.875,-1.46435547
1736,0.7697754,-1.875,-1.69677735
1737,-1.33325196,-1.96166993,-1.77587891
1738,-1.92700196,1.47485352,-1.71655274
1739,1.77539063,1.06396485,-1.87597657
1740,-1.77856446,0.87768555,1.9140625
1741,-1.78100586,0.22143555,-1.9987793000000003
1742,0.73632813,1.84350586,1.03369141
1743,0.23217774,0.90722657,1.28393555
1744,-1.875,-1.59765625,1.73364258
1745,0.47558594,1.48657227,1.6940918000000003
1746,-1.2265625,1.6135253999999999,-1.875
1747,0.70898438,-1.875,-1.30126954
1748,1.52294922,0.46533204,-1.53857422
1749,-1.86865235,1.19506836,1.81420899
1750,-1.70043946,1.26342774,1.60888672
1751,-1.93017579,1.20629883,1.7307129
1752,1.94750977,1.08813477,1.77294922
1753,-1.75756836,1.00244141,1.78710938
1754,1.82666016,1.00488282,1.77294922
1755,1.8010254,1.02514649,-1.76342774
1756,-1.75927735,-1.80908204,1.79125977
1757,-1.76098633,1.03247071,1.79541016
1758,1.83935547,1.04248047,1.77685547
1759,1.83422852,1.0378418,-1.76489258
1760,1.8022460999999999,-1.81274415,1.78588868
1761,1.78393555,0.99902344,1.81762696
1762,1.77246094,0.78515625,1.50170899
1763,-6.104e-05,-1.875,0.81542969
1764,-1.56762696,-1.875,1.99267579
1765,1.40869141,0.63964844,-1.25341797
1766,-1.49511719,0.93237305,1.98779297
1767,1.79638672,0.90332032,1.83618165
1768,1.60180665,1.14916993,1.68847657
1769,-6.104e-05,-1.875,0.00634766
1770,-1.7956543000000003,-1.875,-1.05444336
1771,-1.875,-1.875,-1.88891602
1772,-1.98706055,0.08715821,-1.90649415
1773,1.9140625,0.62451172,-1.58935547
1774,-1.78588868,0.86303711,-1.4440918
1775,1.16528321,0.31835938,-1.0456543
1776,0.83105469,-1.875,-0.84960938
1777,-1.875,1.98022461,-1.96557618
1778,-1.875,0.73828125,1.03710938
1779,-1.875,1.44433594,0.97949219
1780,0.44262696,-1.78735352,1.5222168
1781,0.90454102,1.42626954,-1.99365235
1782,1.46582032,-1.875,-1.875
1783,1.83666993,0.99731446,1.01684571
1784,1.7487793000000003,0.73681641,1.69018555
1785,1.86767579,0.93334961,-1.7734375
1786,1.83618165,1.01245118,1.76171875
1787,1.85498047,0.95947266,1.75390625
1788,1.86987305,1.04248047,1.78808594
1789,1.82373047,1.02514649,1.7565918000000003
1790,-1.7631835999999999,1.0222168,1.79785157
1791,1.87939454,1.04833985,1.80566407
1792,1.8178710999999999,1.03100586,1.8022460999999999
1793,1.80932618,1.03686524,1.78051758
1794,1.78979493,1.01220704,1.7854004
1795,1.8347168000000003,0.99536133,1.7331543000000003
1796,-1.76660157,0.95263672,1.80273438
1797,-1.77783204,0.80957032,1.74291993
1798,-1.875,0.44604493,1.51391602
1799,-1.76269532,-1.875,-1.77001954
1800,1.72851563,0.74829102,1.76855469
1801,1.80541993,1.32592774,1.81103516
1802,-1.94921875,1.24975586,1.66699219
1803,1.99365235,1.10791016,1.79882813
1804,-1.93530274,1.08520508,1.79663086
1805,-1.98730469,1.05053711,1.7619629
1806,1.94360352,1.02465821,1.77416993
1807,1.86889649,1.05615235,1.76342774
1808,1.91235352,0.98413086,1.75195313
1809,1.9194335999999999,1.02954102,1.74609375
1810,1.89184571,1.0234375,1.75854493
1811,1.93603516,1.04370118,1.76782227
1812,1.91137696,1.02514649,1.74951172
1813,-1.75683594,0.97900391,1.78808594
1814,1.84057618,0.83813477,1.85180665
1815,1.68701172,1.09082032,1.67919922
1816,-0.45898438,-1.875,0.81713868
1817,1.11499024,-1.875,-1.77172852
1818,0.88989258,0.05029297,-1.35986329
1819,-1.17407227,0.49584961,1.4597168
1820,-1.80566407,0.74511719,-1.98168946
1821,1.70898438,0.91528321,-1.91699219
1822,1.51293946,0.72583008,-1.86938477
1823,1.50585938,0.43969727,-1.71386719
1824,0.16992188,0.95507813,1.45263672
1825,0.09692383,-1.9362793000000003,1.21801758
1826,-1.875,-1.99340821,1.80053711
1827,0.84643555,-1.64282227,1.71289063
1828,-1.875,-0.6850586,-6.104e-05
1829,1.75976563,0.11303711,-1.99072266
1830,1.9819335999999999,0.79101563,1.90185547
1831,1.99340821,1.17822266,1.68090821
1832,1.8815918000000003,-1.80859375,1.79199219
1833,-1.75732422,1.03857422,1.82373047
1834,1.85009766,1.02905274,1.80395508
1835,1.79223633,1.01416016,1.78881836
1836,1.81152344,1.02636719,1.79931641
1837,1.80249024,1.03588868,1.79980469
1838,1.79052735,1.0456543,1.80322266
1839,1.80200196,1.02465821,1.8166504
1840,1.83032227,1.02978516,1.80126954
1841,1.79150391,1.01513672,1.79003907
1842,1.68139649,0.93066407,1.86645508
1843,1.57592774,1.08740235,1.51098633
1844,-6.104e-05,-1.875,1.7487793000000003
1845,-1.98559571,-1.875,1.85864258
1846,1.7541504,0.90307618,-1.77319336
1847,-1.39770508,1.47753907,-1.83081055
1848,-1.83764649,0.97631836,-1.7109375
1849,1.87988282,1.17993165,1.98217774
1850,1.60766602,0.5834961,-1.75976563
1851,1.55834961,0.40405274,1.7800293000000003
1852,1.12695313,1.94238282,1.12866211
1853,-1.87426758,1.14501954,1.47241211
1854,-1.875,1.81079102,-1.9260254
1855,0.38330079,1.92382813,-1.75903321
1856,1.6916504,0.1760254,-1.875
1857,-1.11621094,1.88989258,0.56103516
1858,1.8491210999999999,1.2409668,-1.91479493
1859,1.77148438,0.85131836,1.6706543000000003
1860,1.9284668000000003,-1.8112793000000003,1.6706543000000003
1861,1.92163086,0.99414063,1.79418946
1862,1.88793946,-1.81225586,1.75195313
1863,1.88354493,1.02929688,1.77441407
1864,1.82177735,1.01513672,1.76782227
1865,1.83520508,1.03369141,1.75732422
1866,1.81762696,1.0444335999999999,1.75805665
1867,1.85253907,1.04589844,1.78808594
1868,1.82250977,1.04248047,1.7800293000000003
1869,1.83520508,1.01049805,-1.76342774
1870,1.82348633,0.95874024,1.78442383
1871,1.78100586,1.4128418,1.91357422
1872,1.27075196,-1.8334960999999999,-1.95385743
1873,1.30981446,-1.875,-1.81713868
1874,1.33984375,0.18310547,-1.82373047
1875,-1.42871094,-1.04101563,-1.63549805
1876,-1.98510743,1.45214844,-1.73461915
1877,1.79223633,1.23828125,-1.93457032
1878,-1.7788085999999999,1.17651368,-1.89672852
1879,1.51953125,0.19824219,-1.91113282
1880,-1.875,-1.875,1.12475586
1881,-1.875,1.00097657,0.13012696
1882,-1.875,-1.46606446,-1.78686524
1883,0.28344727,-1.5432128999999999,1.83959961
1884,-1.75244141,1.57763672,-1.875
1885,-0.96020508,-1.82250977,0.33056641
1886,1.95581055,1.17480469,-1.84838868
1887,1.94311524,0.77441407,1.6015625
1888,-1.75366211,1.05786133,1.64550782
1889,1.94702149,0.99511719,1.79980469
1890,1.84887696,0.9609375,1.77050782
1891,1.85742188,-1.8125,1.80639649
1892,1.8425293000000003,1.00878907,-1.7619629
1893,-1.76049805,1.02416993,1.79101563
1894,1.82641602,-1.80981446,1.79003907
1895,1.83422852,1.04394532,1.79663086
1896,1.83813477,1.0378418,1.80712891
1897,1.80737305,1.00366211,1.80078125
1898,1.81152344,1.00488282,1.81860352
1899,1.79248047,0.95922852,1.85791016
1900,1.87426758,-1.875,-1.58618165
1901,1.49389649,0.30224609999999996,-1.33935547
1902,1.75268555,0.73608399,1.71313477
1903,-1.95605469,1.07055665,1.72558594
1904,1.87304688,0.96337891,1.78247071
1905,1.92773438,1.03735352,1.77172852
1906,1.8671875,0.99389649,1.75390625
1907,1.82055665,1.00219727,1.76806641
1908,1.8166504,1.01171875,1.75854493
1909,1.83520508,1.00878907,1.76733399
1910,1.84570313,1.03320313,-1.76538086
1911,1.8244629,1.0366210999999999,1.76782227
1912,1.83374024,1.03100586,1.76879883
1913,-1.75708008,0.98950196,1.71997071
1914,1.79956055,0.92749024,1.73999024
1915,1.4350586,1.16259766,1.74731446
1916,1.16455079,0.53222657,-1.90771485
1917,-0.03417969,-1.875,-1.92578125
1918,-1.875,0.48754883,-1.76660157
1919,-1.80175782,1.0859375,1.86206055
1920,-1.95751954,1.03393555,-1.91064454
1921,1.68261719,1.15283204,1.65234375
1922,1.55957032,0.37329102,1.71801758
1923,-6.104e-05,0.75292969,1.84497071
1924,-1.875,1.2775878999999999,1.2421875
1925,-1.875,-1.99853516,1.41552735
1926,0.21118165,-1.40917969,1.91308594
1927,1.94238282,-1.66503907,1.11425782
1928,-1.4753418,-1.29345704,1.06518555
1929,1.9729004,1.17114258,1.69018555
1930,1.88867188,0.98583985,1.72045899
1931,1.90307618,1.01000977,-1.7631835999999999
1932,1.93212891,1.06494141,1.73242188
1933,1.87060547,1.02392579,1.76538086
1934,1.84545899,1.01904297,1.77709961
1935,1.81958008,1.02197266,1.78735352
1936,1.81030274,1.02783204,1.78857422
1937,1.82958985,1.0666503999999999,1.75244141
1938,1.82250977,1.03588868,1.75097657
1939,1.81762696,1.02709961,1.77075196
1940,1.8334960999999999,1.01757813,1.75634766
1941,1.78955079,0.94091797,1.77832032
1942,1.56567383,1.13452149,1.68334961
1943,-1.41992188,0.02319336,-1.66992188
1944,1.71801758,-1.875,-1.72973633
1945,1.71533204,0.95996094,1.9921875
1946,-1.36694336,0.6706543,-1.88867188
1947,-1.64404297,0.79589844,-1.5756836
1948,1.80175782,0.88232422,1.93115235
1949,1.54248047,0.69702149,1.69213868
1950,1.63061524,0.34228516,1.44213868
1951,0.79882813,0.90893555,0.52075196
1952,-1.875,-1.79077149,-1.78881836
1953,-1.875,1.7800293000000003,1.84838868
1954,1.35400391,0.03100586,-1.875
1955,-1.88623047,1.23266602,1.18041993
1956,1.65283204,1.22216797,-1.75048829
1957,-1.76000977,0.75195313,1.66381836
1958,1.97827149,1.11157227,1.69897461
1959,1.99560547,1.03588868,1.75561524
1960,1.91381836,1.02246094,1.80712891
1961,1.88574219,1.01953125,1.77197266
1962,1.85327149,1.01806641,1.78710938
1963,1.81958008,1.01684571,1.80566407
1964,1.83520508,1.01806641,1.77075196
1965,1.84497071,1.02490235,-1.7631835999999999
1966,-1.76074219,1.02856446,1.79272461
1967,1.81494141,1.01757813,1.80297852
1968,1.84179688,1.04370118,1.77807618
1969,-1.75512696,1.00390625,1.71337891
1970,1.74951172,0.95874024,1.75805665
1971,1.06542969,1.1616211,1.51367188
1972,-1.20214844,-1.85083008,1.71386719
1973,-0.85595704,0.09692383,1.9765625
1974,-1.875,0.36547852,1.44360352
1975,-1.71557618,0.80444336,1.82958985
1976,-1.87329102,1.04614258,-1.72802735
1977,1.60839844,-1.8112793000000003,1.95507813
1978,1.4675293,-1.83764649,1.7722168000000003
1979,1.85498047,-1.875,1.40478516
1980,0.51391602,1.70703125,0.82495118
1981,-1.875,1.92749024,1.16894532
1982,-1.87280274,-1.82275391,1.61499024
1983,-0.56835938,0.63183594,1.25122071
1984,0.4182129,-1.875,-1.44335938
1985,1.69848633,0.46850586,1.98364258
1986,1.7072754,0.80444336,1.91870118
1987,-1.85620118,1.14233399,1.67871094
1988,-1.9963379,1.0991211,-1.75732422
1989,1.91577149,0.96484375,1.80493165
1990,1.86279297,0.97143555,1.76464844
1991,1.81445313,1.01025391,1.7631835999999999
1992,1.80493165,0.98901368,1.81396485
1993,1.80615235,1.02856446,1.76953125
1994,1.82495118,1.03930665,1.80493165
1995,1.82714844,1.04345704,-1.7619629
1996,1.80371094,1.03735352,1.79833985
1997,1.8112793000000003,1.03222657,1.78466797
1998,1.81689454,0.96435547,1.80932618
1999,1.81103516,1.02075196,1.83837891
2000,-1.64111329,0.07397461,1.11547852
2001,1.9663085999999999,0.97460938,1.13256836
2002,1.86279297,1.35375977,1.59277344
2003,-1.84960938,1.20825196,1.61059571
2004,1.86254883,0.99853516,1.84619141
2005,1.80541993,0.92114258,1.7619629
2006,1.85864258,1.01733399,1.73730469
2007,1.78247071,0.99902344,1.75756836
2008,1.81542969,1.04052735,1.76074219
2009,1.83520508,1.02539063,1.79248047
2010,1.84057618,1.03491211,1.7421875
2011,1.84521485,1.03735352,1.77709961
2012,1.82275391,1.03344727,1.76293946
2013,1.81176758,0.96801758,1.74438477
2014,1.69848633,0.92456055,1.7800293000000003
2015,1.2722168,1.67578125,1.5390625
2016,-1.8010254,-1.875,-1.9741210999999999
2017,1.99316407,-1.875,-1.52392579
2018,-1.98632813,-0.81347657,1.84350586
2019,1.98291016,1.68188477,-1.53979493
2020,1.94555665,1.48754883,-1.78222657
2021,1.54052735,0.94091797,1.95800782
2022,-1.77709961,0.43872071,1.73291016
2023,-1.93334961,0.9909667999999999,1.7463379
2024,0.87695313,-1.72875977,0.88623047
2025,-1.875,-1.99560547,1.76269532
2026,0.019775400000000002,-1.60009766,1.75170899
2027,-0.92480469,-1.875,-1.875
2028,1.75439454,0.82153321,-1.77929688
2029,1.41381836,0.5275879,-1.72216797
2030,1.59277344,0.59863282,1.80322266
2031,1.91650391,0.98266602,1.67114258
2032,1.85009766,0.97021485,1.70043946
2033,1.91796875,1.04833985,1.76782227
2034,1.8244629,0.99560547,1.77734375
2035,1.83496094,1.01928711,1.78344727
2036,1.8269043000000003,1.01928711,1.8400879
2037,1.8190918000000003,0.97265625,1.7788085999999999
2038,1.83862305,1.0354004,1.77148438
2039,1.85498047,1.0390625,1.77783204
2040,1.83276368,1.0222168,1.77783204
2041,1.84692383,0.95117188,1.7775879
2042,-1.76098633,1.00341797,1.72167969
2043,1.59570313,0.95605469,1.56225586
2044,-6.104e-05,-1.875,0.82788086
2045,1.82788086,-1.875,-1.87866211
2046,0.99609375,-1.875,-1.96337891
2047,-1.33251954,0.89916993,1.81054688
2048,-1.8244629,0.91479493,-1.70214844
2049,-1.7697754,1.05566407,1.91479493
2050,1.50390625,0.78417969,1.72265625
2051,-1.47949219,-1.875,0.53710938
2052,0.87036133,-1.875,0.39892579
2053,-1.875,1.91894532,1.47485352
2054,-1.875,-1.03417969,1.93652344
2055,-0.10327149,0.19116211,0.14428711
2056,1.39624024,-1.875,-0.30249024
2057,-1.88574219,1.43481446,-1.67700196
2058,-1.99853516,1.03466797,1.5666503999999999
2059,-1.9963379,1.07250977,1.64208985
2060,1.95654297,1.02539063,1.77612305
2061,1.88623047,1.01879883,1.78442383
2062,1.83374024,1.0041504,1.78686524
2063,1.79956055,1.00854493,1.77954102
2064,-1.7619629,1.02539063,1.79980469
2065,1.82006836,1.0275879,1.79589844
2066,1.80126954,1.01855469,1.79638672
2067,1.82202149,1.03979493,1.8010254
2068,1.83081055,1.04174805,1.78808594
2069,1.79223633,0.9987792999999999,1.78759766
2070,1.78344727,0.95092774,1.84301758
2071,1.79809571,0.96606446,1.8659668000000003
2072,-1.33837891,-1.875,-1.82226563
2073,0.78320313,-1.875,-1.88720704
2074,0.81542969,-1.875,-1.77270508
2075,-1.09228516,-0.53491211,-1.74194336
2076,-1.76464844,1.14257813,1.91015625
2077,1.58398438,1.32373047,-1.93994141
2078,1.69458008,1.04345704,1.82373047
2079,1.62060547,0.22998047,1.58935547
2080,-1.875,-1.97167969,0.71215821
2081,-1.875,0.97729493,1.47143555
2082,-1.875,1.94189454,1.60498047
2083,-1.1291503999999999,-1.70605469,-1.875
2084,-1.89282227,0.1694336,0.76733399
2085,1.72680665,1.04394532,-1.93896485
2086,1.83178711,1.06616211,1.70532227
2087,1.96069336,1.14379883,1.67431641
2088,1.82495118,-1.81420899,1.75317383
2089,1.86401368,1.01684571,1.75244141
2090,1.81860352,1.01782227,1.75854493
2091,1.81445313,1.02636719,1.79174805
2092,1.81689454,1.05249024,-1.76269532
2093,1.79418946,1.0378418,1.77001954
2094,1.79541016,1.04345704,1.77514649
2095,-1.76269532,1.04589844,1.78881836
2096,1.79125977,1.02978516,1.77148438
2097,1.80249024,0.98144532,-1.7619629
2098,1.76538086,1.01708985,1.73339844
2099,1.40844727,0.86401368,1.47338868
