Axis1,Axis2,Axis3,Axis4,Axis5,Axis6,Timestamp,Label
-0.072510,0.492188,-1.111816,1.022901,3.053435,0.503817,1443687658.655369,1
-0.071289,-0.122559,-1.107910,-1.282443,1.480916,-3.969466,1443687658.659746,1
-0.069824,-0.127930,-1.105225,-0.320611,-0.259542,-1.297710,1443687658.685512,1
-0.070801,-0.129639,-1.111572,-0.488550,-1.511450,3.679389,1443687658.715530,1
-0.068848,-0.127197,-1.109619,-1.511450,4.839694,6.061069,1443687658.745487,1
-0.067139,-0.130127,-1.108643,-0.366412,0.045802,5.007634,1443687658.775735,1
-0.068848,-0.129639,-1.103760,-3.236641,-0.274809,-0.030534,1443687658.894921,1
-0.072021,-0.128418,-1.107178,0.625954,31.251909,-0.213740,1443687658.895669,1
-0.074707,0.493408,-1.104004,-4.900764,1.740458,3.603053,1443687658.896022,1
-0.070068,-0.125732,-1.100830,-3.618321,-3.343511,3.038168,1443687658.925605,1
-0.069824,-0.126953,-1.107178,-2.274809,-0.839695,30.748091,1443687658.955567,1
-0.069580,-0.125488,-1.107178,0.320611,-1.511450,0.641221,1443687658.985715,1
-0.066895,-0.128906,-1.108398,-2.274809,4.717557,-6.717557,1443687659.015592,1
-0.070801,-0.129639,-1.107178,31.145039,-3.786260,3.297710,1443687659.045454,1
-0.074463,-0.127686,-1.108154,1.175573,-4.946565,4.610687,1443687659.075517,1
-0.075195,0.492920,-1.104736,0.595420,3.648855,9.129771,1443687659.134899,1
-0.072998,-0.129883,-1.111328,1.435115,31.221375,0.122137,1443687659.138174,1
-0.071289,-0.127686,-1.108154,1.587786,-1.236641,-0.961832,1443687659.165560,1
-0.072510,-0.126709,-1.112305,-1.129771,31.251909,-8.091603,1443687659.224997,1
-0.074951,-0.128418,-1.106201,2.900763,2.793893,0.198473,1443687659.228891,1
-0.070068,-0.130371,-1.107178,0.030534,-0.305344,-0.702290,1443687659.255566,1
-0.070312,-0.125732,-1.107666,-1.832061,-0.030534,5.160306,1443687659.285634,1
-0.072754,0.492676,-1.104004,-0.992366,-1.786260,2.625954,1443687659.315579,1
-0.070312,-0.134033,-1.111328,-0.717557,4.458015,8.656488,1443687659.345627,1
-0.068604,-0.126465,-1.109375,1.587786,1.114504,5.740458,1443687659.375647,1
-0.071777,-0.127197,-1.106689,0.442748,-1.389313,-8.229008,1443687659.405589,1
-0.073242,-0.128418,-1.104980,0.473282,2.305344,7.725191,1443687659.435564,1
-0.070557,-0.126465,-1.109619,0.824427,1.221374,-5.221374,1443687659.495266,1
-0.070557,-0.126953,-1.111084,-3.267176,3.725191,5.297710,1443687659.498433,1
-0.073975,0.493408,-1.113281,-1.511450,2.488550,1.709924,1443687659.525414,1
-0.073242,0.492432,-1.110352,-0.748092,2.809160,9.664123,1443687659.555683,1
-0.071045,0.492432,-1.104248,-3.175573,-1.740458,-6.458015,1443687659.585607,1
-0.070312,-0.128418,-1.111084,0.274809,0.229008,7.236641,1443687659.615633,1
0.516602,0.459473,-1.459473,-118.687019,250.129776,-92.671753,1443687671.286045,1
0.693604,-0.696777,0.366699,-103.984734,250.129776,-100.076332,1443687671.316054,1
-1.078857,-0.813232,0.250000,-123.526718,11.908397,15.633588,1443687671.346147,1
-1.303955,-1.449951,-0.952637,65.801529,100.305344,-210.503815,1443687671.376083,1
-1.825684,-0.410400,-0.599121,-120.519081,173.206100,15.633588,1443687671.406101,1
-3.002686,-1.050537,-1.059814,-93.984734,-6.335878,8.427481,1443687671.436046,1
-3.132568,-1.380127,-0.332031,151.480911,-186.000000,3.770992,1443687671.465940,1
-0.045898,-0.260010,-1.696289,141.847336,-183.740463,-67.511452,1443687671.496184,1
0.491455,-0.140625,-1.156494,117.496185,-12.839695,85.664124,1443687671.525985,1
-0.088379,0.493164,-1.072021,6.793893,30.671755,-12.687023,1443687671.556103,1
-0.079346,-0.120850,-1.108887,2.778626,-3.236641,-29.007633,1443687671.586078,1
-0.083252,-0.126465,-1.118164,4.183206,-1.984733,12.320611,1443687671.616102,1
-0.072266,-0.132812,-1.103760,0.061069,-2.259542,-4.061069,1443687671.646202,1
-0.083252,-0.137695,-1.114502,-1.541985,1.832061,-3.541985,1443687671.706029,1
-0.078125,-0.138184,-1.101562,5.816794,-1.480916,4.763359,1443687671.735994,1
-0.086182,-0.137207,-1.111816,-1.129771,-4.687023,5.160306,1443687671.766085,1
-0.081055,-0.134033,-1.102539,2.717557,1.114504,5.572519,1443687671.796173,1
-0.075684,-0.137695,-1.110840,-9.496183,-1.236641,9.206107,1443687671.885992,1
-0.095703,0.493164,-1.106201,12.610687,0.091603,8.931297,1443687671.916123,1
-0.088867,-0.130371,-1.113525,-4.778626,-2.977099,12.916031,1443687671.946106,1
-0.088135,-0.120605,-1.121826,-25.923664,14.427481,85.312981,1443687671.976106,1
-0.090576,-0.115723,-1.090576,-18.564886,-0.335878,19.954199,1443687672.006129,1
-0.094971,-0.104004,-1.098633,-43.068703,-5.267176,0.595420,1443687672.036000,1
-0.088867,-0.086182,-1.078613,-13.175572,-6.045802,11.282443,1443687672.065996,1
-0.096924,-0.081543,-1.130127,-4.488550,3.709924,-4.625954,1443687672.125762,1
-0.091553,-0.082764,-1.099121,-1.312977,12.458015,8.854961,1443687672.126262,1
-0.162598,0.023926,-1.149902,-16.992367,3.236641,17.221375,1443687672.156121,1
-1.140869,0.094482,-1.729736,45.938931,19.267176,-97.480919,1443687672.186043,1
1.571777,-0.585693,0.250000,-81.511452,-85.145035,-194.335876,1443687672.216076,1
3.701416,-0.082275,-3.518555,33.862595,15.633588,-122.900764,1443687672.246309,1
2.140137,0.010254,-0.157471,-68.580154,15.633588,-207.603058,1443687672.276213,1
1.554443,-0.022705,0.358887,-75.114502,15.633588,-207.267181,1443687672.306174,1
1.110352,0.078125,0.050537,-90.396950,250.129776,-151.984726,1443687672.336108,1
0.731201,0.065430,-1.333984,-142.244278,250.129776,-54.000000,1443687672.396150,1
0.034180,-0.509277,-1.676514,-162.748093,179.068695,-91.328247,1443687672.426032,1
0.659668,-0.904297,-1.309082,-156.045807,148.412216,-124.320610,1443687672.456226,1
0.430664,-0.774902,-1.141602,-122.595421,250.129776,-139.954193,1443687672.486164,1
0.463867,-0.626221,-1.639648,-109.526718,250.129776,-159.251907,1443687672.545406,1
0.677002,-2.438232,-0.238037,15.633588,-43.618320,248.519089,1443687672.548698,1
-0.508301,-1.641846,-1.078857,53.404579,4.030534,-115.572517,1443687672.576500,1
-1.435059,0.426270,-1.338135,-8.656488,102.931297,-208.702286,1443687672.606123,1
-1.751709,-0.035156,-0.571289,49.083969,43.312977,-118.961830,1443687672.636110,1
-1.848877,-0.675537,-1.146240,-67.480919,-44.290077,-204.656494,1443687672.666109,1
-2.049072,-1.326416,0.476318,174.519089,-125.083969,-51.679390,1443687672.696145,1
0.112061,0.009033,-1.341309,137.969467,27.099237,-51.114502,1443687672.725973,1
-0.072510,-0.195068,-1.070068,123.312981,-18.137405,-123.312981,1443687672.756196,1
-0.051514,-0.113037,-1.102295,14.442748,-5.465649,-1.221374,1443687672.786283,1
-0.079346,0.493896,-1.109619,27.938931,-10.198473,-41.190838,1443687672.816173,1
-0.079102,-0.127441,-1.114746,5.221374,0.183206,26.900763,1443687672.846133,1
-0.081055,-0.140137,-1.103760,-5.480916,0.335878,18.778625,1443687672.876536,1
-0.080322,-0.140381,-1.115234,0.274809,1.847328,8.595420,1443687672.906165,1
-0.084473,-0.136719,-1.104492,31.145039,-0.351145,2.229008,1443687672.936146,1
-0.085693,-0.140137,-1.106689,1.664122,-8.000000,-17.282442,1443687672.966160,1
0.494873,-0.140869,-1.105957,1.755725,1.603053,-3.450382,1443687672.996191,1
-0.097412,-0.139893,-1.106201,0.213740,-13.297709,-2.274809,1443687673.055468,1
-0.102783,-0.143311,-1.106445,4.030534,-6.961832,1.679389,1443687673.058944,1
-0.098145,-0.148193,-1.098877,10.030535,-11.282443,-32.091602,1443687673.086314,1
-0.107666,-0.148438,-1.103760,7.755725,-7.587786,-5.877862,1443687673.116132,1
-0.115234,-0.149902,-1.104980,3.877863,-5.908397,-34.839695,1443687673.146129,1
-0.115723,-0.131836,-1.100586,8.061069,1.480916,12.946565,1443687673.176111,1
-0.115234,-0.159180,-1.100586,0.091603,-5.099236,14.564885,1443687673.206113,1
-0.119141,-0.163818,-1.105713,-24.290077,4.977099,17.511450,1443687673.236136,1
-0.114990,-0.140137,-1.099365,-43.862595,1.374046,28.335878,1443687673.266177,1
-0.113770,-0.116211,-1.114746,-85.847328,36.213741,19.740458,1443687673.325687,1
-0.096680,-0.079102,-1.118652,16.229008,30.396946,153.893127,1443687673.328958,1
-0.110596,-0.055908,-1.099854,-7.603054,5.679389,-2.641221,1443687673.386302,1
-0.157471,0.023926,0.428711,0.351145,6.213740,-5.038168,1443687673.416206,1
-1.036377,2.209473,-1.589600,-204.274811,36.778625,-164.213745,1443687673.446132,1
2.166016,0.178955,0.250000,-85.267174,15.633588,-166.595413,1443687673.476138,1
3.005859,-0.445068,-1.406738,-142.946564,15.633588,-149.633591,1443687673.506183,1
3.470947,-0.271973,-0.907227,-78.824425,15.633588,-145.221375,1443687673.536253,1
1.085693,-0.381348,0.425781,15.175572,-159.679382,-146.442749,1443687673.566143,1
0.947266,0.233887,1.572998,18.137405,250.129776,-162.717560,1443687673.596199,1
0.767334,0.183105,-0.708984,-4.137404,250.129776,-139.175568,1443687673.626047,1
0.043945,-0.003662,-0.933105,-35.984734,250.129776,-72.381676,1443687673.656145,1
0.541504,-0.072266,-1.517578,-73.664124,250.129776,-81.893127,1443687673.686090,1
0.470703,-0.338867,-1.506348,-104.305344,244.793900,-90.076332,1443687673.716173,1
0.127686,0.470215,-1.416992,-128.656494,250.129776,23.847328,1443687673.746183,1
-0.144287,-0.784668,-2.132080,-94.824425,250.129776,-172.625961,1443687673.776275,1
-1.536865,-0.825195,-2.132080,0.854962,50.946564,23.694656,1443687673.806258,1
-2.074951,-1.150391,-1.065186,-30.381680,63.068703,-207.541992,1443687673.836169,1
-2.149414,-1.296387,-1.078125,102.213737,-84.793892,1.190840,1443687673.896439,1
-1.143555,-1.812988,-1.051025,199.969467,-32.595421,36.427483,1443687673.926154,1
-0.178223,-0.156982,-1.122314,15.282443,-0.122137,18.564886,1443687673.956246,1
-0.060303,-0.106934,-1.066895,9.511451,30.763359,-4.595420,1443687673.986256,1
-0.073486,-0.113281,-1.121094,-6.870229,-4.152672,-43.328243,1443687674.016117,1
-0.070801,-0.109863,-1.110352,7.114504,-2.442748,-4.366412,1443687674.046192,1
-0.068115,-0.118164,-1.108154,-2.564885,1.526718,-4.549618,1443687674.076187,1
-0.076416,-0.122070,-1.109375,6.274809,-21.862595,31.709923,1443687674.106203,1
-0.078857,-0.114990,-1.120850,-10.137404,6.290076,0.137405,1443687674.136184,1
-0.079590,0.493896,-1.112305,-14.076336,-0.045802,32.396946,1443687674.166152,1
-0.080811,-0.120361,-1.114502,0.702290,-3.358779,8.793893,1443687674.196242,1
-0.084961,-0.122070,-1.110352,-1.389313,-7.526718,31.068703,1443687674.226089,1
-0.090576,-0.126221,-1.108398,-4.900764,-3.740458,31.221375,1443687674.256241,1
0.495605,-0.119873,-1.104004,-1.282443,-10.671756,3.038168,1443687674.286204,1
-0.097900,-0.116211,-1.101807,-5.969466,31.068703,25.755726,1443687674.316221,1
-0.101318,-0.115234,-1.108643,-18.045801,16.519083,-90.916031,1443687674.346174,1
-0.101807,-0.117432,-1.109619,-6.580153,-3.358779,-3.404580,1443687674.376432,1
-0.103516,-0.113281,-1.107666,1.312977,-0.595420,4.458015,1443687674.406356,1
-0.103760,-0.113525,-1.111572,-2.641221,2.641221,-2.671756,1443687674.436184,1
-0.101807,-0.117432,-1.112549,0.122137,-0.824427,0.167939,1443687674.466217,1
-0.102051,-0.116943,-1.108887,31.145039,0.366412,3.328244,1443687674.496255,1
-0.098633,-0.115723,-1.128418,1.175573,1.038168,8.473283,1443687674.526095,1
-0.097168,-0.113525,-1.122314,36.366413,0.549618,-53.740459,1443687674.556289,1
-0.091309,-0.126953,-1.150635,-11.083969,-13.145039,-8.885496,1443687674.586236,1
-0.068359,-0.104980,-1.066650,-45.404579,11.053435,1.587786,1443687674.616105,1
-0.088867,-0.072510,-1.056885,-15.480916,2.137405,-9.404580,1443687674.646169,1
-0.237793,0.346680,-1.111816,-14.137404,6.778626,-33.648853,1443687674.676109,1
-0.042725,0.028809,-1.120117,-17.083969,7.419847,-78.885498,1443687674.706193,1
-0.068115,0.071045,-1.145508,-8.274809,-6.916030,-108.152672,1443687674.736238,1
0.057861,-0.138428,-1.257568,-25.419847,-3.068702,-96.625954,1443687674.766272,1
0.198730,-0.307861,-1.427734,35.938931,-18.534351,-37.908398,1443687674.796323,1
0.020264,0.038086,-0.978271,51.297710,-26.977098,45.908398,1443687674.826236,1
-0.239746,0.047363,-0.684082,-10.549619,20.854961,27.740458,1443687674.886254,1
-0.166748,-0.310547,-1.096924,2.916031,87.114502,1.938931,1443687674.916200,1
-0.168701,0.128418,0.471436,73.465652,-17.190840,1.755725,1443687674.946240,1
-0.240723,-0.114014,-1.046387,0.961832,11.862596,-25.969465,1443687674.976452,1
-0.125488,-0.408203,-1.127441,-23.847328,23.908398,-26.778625,1443687675.006242,1
-0.210693,-0.394775,-1.160400,0.702290,15.145039,-38.305344,1443687675.036310,1
-0.084229,-0.358887,-1.056641,7.618320,9.190840,-45.083969,1443687675.066195,1
-0.069336,-0.307617,-1.082275,-0.320611,10.702291,-52.519085,1443687675.096557,1
-0.070312,0.480225,-1.057617,8.519084,7.251908,-40.839695,1443687675.126116,1
0.071533,-0.254150,-1.119141,11.664123,0.122137,-25.114504,1443687675.156256,1
0.115234,-0.231445,-0.971436,4.122138,3.251908,-0.015267,1443687675.186220,1
0.003906,-0.205566,-1.089355,3.129771,12.396947,-4.992366,1443687675.216274,1
-0.007080,-0.262939,-1.112305,0.305344,4.977099,10.961832,1443687675.246236,1
0.170654,-0.304688,-1.220947,17.557251,8.000000,18.961832,1443687675.276380,1
0.131348,-0.237305,-1.032227,18.763359,9.404580,8.625955,1443687675.306326,1
0.324463,-0.189697,-1.117920,20.625954,1.251908,5.022901,1443687675.336296,1
0.109863,-0.039795,-0.973389,4.229008,5.160306,36.916031,1443687675.396354,1
0.010498,0.499512,-1.010986,-6.152672,-14.839695,60.977100,1443687675.426126,1
-0.168457,0.131836,-0.935059,-16.290077,-26.167938,84.824425,1443687675.456302,1
-0.256348,0.306885,-1.130859,-67.770996,-52.870228,75.160309,1443687675.486244,1
-0.654297,0.777100,0.437012,-221.099243,-38.687023,21.709923,1443687675.516166,1
-0.031494,-0.177490,-0.262451,2.778626,14.503817,-2.427481,1443687675.546279,1
-0.050049,-0.079102,-1.175293,-5.511450,1.312977,-46.427483,1443687675.576241,1
-0.079834,-0.075684,-1.109863,-14.320611,-0.870229,28.900763,1443687675.606290,1
-0.088379,-0.068359,-1.107178,-14.167939,-7.648855,-51.190838,1443687675.636235,1
-0.088379,-0.055908,-1.143555,5.374046,21.832062,55.557251,1443687675.666281,1
-0.087402,-0.051025,-1.132080,-8.396947,-2.870229,7.358778,1443687675.696347,1
-0.087402,-0.057617,-1.126953,4.229008,5.694656,0.396947,1443687675.726230,1
-0.085205,0.497803,-1.119141,10.381680,0.763359,5.725191,1443687675.756286,1
-0.082275,-0.071289,-1.105225,6.977099,3.083969,-7.404580,1443687675.786411,1
-0.079102,-0.073486,-1.106934,5.480916,5.068702,31.129770,1443687675.816303,1
-0.079834,-0.079102,-1.115234,1.251908,4.961832,6.503817,1443687675.846440,1
-0.077637,-0.080078,-1.113037,6.152672,4.809160,9.450381,1443687675.876413,1
-0.077393,-0.082764,-1.114258,1.923664,3.328244,1.511450,1443687675.906373,1
-0.069092,-0.082275,-1.112793,-0.061069,6.412214,-6.015267,1443687675.936212,1
-0.063477,-0.081787,-1.111816,-3.267176,7.358778,0.213740,1443687675.966335,1
-0.063965,-0.081299,-1.103027,-16.564886,6.396946,77.496185,1443687675.996403,1
-0.060547,-0.078857,-1.108154,-1.770992,0.580153,-5.053435,1443687676.026168,1
0.497559,-0.076172,-1.113281,-1.832061,2.213740,11.618320,1443687676.056280,1
-0.059326,-0.074951,-1.121826,3.450382,3.633588,-3.114504,1443687676.086430,1
-0.056641,-0.073730,-1.111816,1.206107,0.396947,3.541985,1443687676.116318,1
-0.053711,-0.053711,0.430420,1.114504,5.190840,1.282443,1443687676.146227,1
-0.047607,0.496094,-1.104004,7.358778,18.259542,24.809160,1443687676.176224,1
-0.020020,-0.025391,-1.138184,-8.244275,20.305344,-3.618321,1443687676.206280,1
0.107422,0.227539,-1.110596,-25.664122,40.000000,66.259544,1443687676.236274,1
0.014404,-0.037842,-1.216064,-30.061069,30.167938,116.793892,1443687676.266349,1
0.018555,-0.573486,-1.313965,-16.824427,69.679390,172.335876,1443687676.296415,1
0.101318,-0.160156,-1.040771,21.908398,43.908398,100.122139,1443687676.326302,1
0.113770,0.320068,-1.130371,41.587788,16.274809,7.496183,1443687676.386268,1
0.214355,0.242432,-1.091797,21.404581,4.030534,116.717560,1443687676.416321,1
0.269531,0.318359,-1.299316,29.984734,11.694656,122.824425,1443687676.446278,1
0.210693,0.109131,-1.184326,29.282442,-29.587786,124.229004,1443687676.476416,1
0.260254,0.017822,-1.137451,-8.076336,-30.442749,115.816795,1443687676.506237,1
0.107910,0.065186,-0.925537,-4.687023,-2.152672,100.900764,1443687676.536363,1
0.099854,0.037842,-0.963623,-8.106871,19.022902,72.641220,1443687676.566302,1
0.116943,0.103760,-1.147217,-32.427483,22.458015,71.969467,1443687676.596417,1
0.052490,0.109619,0.414307,-46.473282,13.496183,52.381680,1443687676.626170,1
0.033447,-0.105469,-1.252441,-29.541985,-14.519084,3.190840,1443687676.656890,1
0.084717,-0.125488,-1.106201,-2.793893,2.992366,37.068703,1443687676.686358,1
-0.017334,-0.005127,-0.897217,31.053434,23.251909,39.740459,1443687676.716274,1
0.072998,-0.058594,-1.084717,-6.122138,50.122139,20.045801,1443687676.746338,1
0.217529,-0.122314,-1.130371,5.251908,60.549618,31.648855,1443687676.776429,1
0.202881,-0.000732,-1.090332,-0.641221,45.969467,29.114504,1443687676.806443,1
0.051025,-0.172119,-1.166260,0.122137,52.900764,36.198475,1443687676.836306,1
-0.214111,0.000488,-1.110840,15.221375,0.763359,13.480916,1443687676.896432,1
-0.526855,0.015625,-0.709961,-17.145039,-11.022901,-67.450378,1443687676.956408,1
-0.494873,-0.078125,0.229004,-13.083969,-72.793892,-112.625954,1443687676.986457,1
-0.258789,-0.197021,-1.613037,26.580153,-143.832062,44.702290,1443687677.016432,1
-0.008545,-0.136719,-1.229980,23.282442,-131.648849,7.175572,1443687677.046254,1
-0.018799,-0.094482,0.434326,1.435115,28.030535,-16.198473,1443687677.076346,1
-0.041016,-0.068359,0.429932,13.908397,-4.045802,0.641221,1443687677.106308,1
-0.063965,-0.087646,0.430908,10.274809,2.503817,30.274809,1443687677.136252,1
-0.063965,-0.088623,-1.125732,4.641222,-2.458015,18.992367,1443687677.166660,1
-0.065430,-0.094482,-1.111572,25.297710,-7.664122,-2.793893,1443687677.196465,1
-0.067383,-0.095215,-1.109375,-11.572519,15.465649,-30.412214,1443687677.226212,1
-0.066406,-0.104980,-1.110107,10.366412,-6.595420,-1.786260,1443687677.256367,1
-0.072510,-0.104980,-1.113770,-1.541985,-20.091602,-17.206106,1443687677.286394,1
-0.072998,-0.103271,-1.106934,-6.473282,-13.954199,21.984734,1443687677.316366,1
-0.080566,-0.104980,-1.104736,0.671756,-4.335878,5.343512,1443687677.346483,1
-0.084473,-0.104736,-1.116943,-3.083969,-16.809160,9.465649,1443687677.376507,1
0.494141,-0.105957,-1.109619,-0.870229,-12.335877,8.305344,1443687677.406454,1
-0.100830,-0.103027,-1.108398,6.106870,-15.511451,-32.427483,1443687677.436363,1
-0.109375,-0.106689,-1.113281,-2.916031,-7.511450,1.297710,1443687677.466338,1
-0.114502,-0.107666,-1.109863,18.061069,7.679389,57.450382,1443687677.496414,1
-0.115234,-0.110107,-1.113770,8.030535,-24.732824,-23.877863,1443687677.526242,1
-0.117676,-0.106934,0.430664,0.244275,-5.297710,6.427481,1443687677.556506,1
-0.122559,-0.109863,-1.115479,-34.290077,-8.320611,43.114502,1443687677.586640,1
-0.118164,-0.116455,-1.114502,-2.030534,7.022901,27.572519,1443687677.616396,1
-0.118164,-0.087158,-1.128906,-29.908398,8.931297,22.183207,1443687677.646233,1
-0.098389,-0.073486,-1.047119,-26.992367,-30.290077,44.931297,1443687677.676611,1
-0.101562,-0.062988,-1.059082,-0.870229,14.473283,11.221375,1443687677.706669,1
-0.102295,-0.075684,-1.122070,-2.824427,-1.832061,-6.763359,1443687677.736354,1
-0.108154,-0.058594,-1.119385,-3.206107,8.534351,5.847328,1443687677.766441,1
-0.119629,-0.036621,-1.106201,5.053435,7.511450,-6.732824,1443687677.796539,1
0.443115,0.072510,-2.568359,48.122139,79.175575,-71.190842,1443687677.826764,1
3.999878,-0.184570,-3.290527,2.366412,15.633588,-17.862595,1443687677.886395,1
2.015381,0.024414,0.444092,-18.809160,15.633588,-59.740459,1443687677.916449,1
1.535156,0.496338,-0.213135,19.923664,15.633588,-61.984734,1443687677.946728,1
0.034668,0.323730,1.474121,-7.022901,10.427481,-73.877861,1443687677.976445,1
0.851318,0.191406,0.434814,-33.236641,250.129776,-46.961834,1443687678.036389,1
0.044678,-0.205078,-1.226807,27.343512,250.129776,-65.312981,1443687678.066385,1
0.509521,-0.379395,-1.547119,-83.801529,250.129776,-70.396950,1443687678.096488,1
0.385498,-0.363770,-1.476807,-103.587784,250.129776,-101.022903,1443687678.126291,1
0.283447,-0.494141,-1.703125,-112.946564,250.129776,-97.251907,1443687678.156416,1
-0.860840,-0.715576,-0.286377,-167.374039,159.572525,15.633588,1443687678.186737,1
-1.494385,-1.228760,-2.581543,-91.908394,118.656487,-168.335876,1443687678.216417,1
-2.675537,-0.744385,-1.650879,-80.625954,57.358780,15.633588,1443687678.246430,1
-3.034180,-0.926514,-0.896729,-69.755722,-12.274809,68.106873,1443687678.276475,1
-3.522461,-1.713623,-0.548828,219.709930,-188.458008,224.320618,1443687678.306436,1
-0.209717,-0.461182,-1.667969,97.694656,-173.984726,-60.732826,1443687678.336441,1
-0.156982,-0.117920,-1.031982,-17.374046,-20.992367,129.801529,1443687678.396418,1
-0.088379,-0.103516,-1.106445,21.007633,0.580153,68.671753,1443687678.426256,1
-0.107422,-0.115723,-1.118652,4.351145,-7.328244,-21.175573,1443687678.456404,1
-0.100830,-0.111816,-1.118408,-3.206107,4.320611,0.442748,1443687678.486366,1
-0.100342,-0.115479,-1.104248,-5.068702,5.526718,6.610687,1443687678.516373,1
-0.094482,-0.115234,-1.107910,0.213740,1.847328,-5.938931,1443687678.546391,1
-0.095947,-0.112793,-1.104492,-5.587786,4.473282,3.832061,1443687678.576395,1
0.495850,-0.110596,-1.105469,-2.824427,1.908397,-0.702290,1443687678.606446,1
-0.098877,-0.105469,-1.108643,-7.572519,5.374046,3.221374,1443687678.636395,1
-0.098145,-0.104980,-1.112793,-5.129771,2.335878,3.603053,1443687678.666367,1
0.494873,-0.104004,-1.108887,-3.587786,1.419847,11.862596,1443687678.696866,1
-0.091064,-0.098389,-1.116699,0.854962,-3.709924,2.564885,1443687678.726313,1
-0.089111,-0.103271,-1.110596,-0.045802,-0.503817,9.328244,1443687678.756416,1
0.494873,-0.105713,-1.109619,-2.305344,-6.183206,3.633588,1443687678.786755,1
-0.100098,-0.104004,-1.108643,-2.061069,-5.496183,10.335877,1443687678.816410,1
-0.103027,-0.099365,-1.113037,1.053435,-7.419847,-9.221375,1443687678.846425,1
-0.106689,-0.102783,-1.119629,0.595420,-8.167939,-5.541985,1443687678.876502,1
-0.114502,-0.100586,-1.111572,6.717557,-5.267176,-6.854962,1443687678.906453,1
-0.121338,-0.102295,-1.111084,1.496183,-0.030534,-4.427481,1443687678.936385,1
0.493652,-0.109375,-1.112305,25.938931,29.847328,40.458015,1443687678.966484,1
-0.128418,-0.112549,-1.140137,-5.022901,23.251909,36.549618,1443687678.996522,1
-0.139893,-0.129395,-1.181885,29.496183,34.015266,59.190838,1443687679.026317,1
-0.138916,-0.043701,-0.918213,-15.862596,36.458015,19.022902,1443687679.056665,1
-0.145996,-0.048828,-1.137939,-6.763359,7.419847,30.137405,1443687679.086460,1
-0.242676,0.079346,-1.143555,0.290076,4.442748,-14.122137,1443687679.116462,1
-0.600342,0.841064,-1.930664,49.297710,59.801525,-91.450378,1443687679.146311,1
1.566895,0.335205,0.250000,19.694656,-196.549622,-164.687027,1443687679.176456,1
0.183350,-0.398682,-2.303467,72.503815,15.633588,-57.664124,1443687679.206697,1
1.575684,0.632324,-0.195557,1.770992,15.633588,-69.816795,1443687679.236488,1
0.864502,0.428223,0.463867,-12.045801,16.549618,-105.404579,1443687679.266499,1
0.286133,0.189697,-0.882080,-68.152672,250.129776,-124.427483,1443687679.296584,1
0.040771,0.391602,-1.229004,-46.534351,250.129776,-72.732826,1443687679.326419,1
0.036621,-0.197754,-1.559326,-122.564888,148.183212,-3.297710,1443687679.386467,1
0.385986,-0.416016,-1.218994,-131.022903,151.954193,15.587787,1443687679.416480,1
0.185059,-0.359619,-1.276123,-106.641220,237.083969,12.137404,1443687679.446461,1
0.214844,-0.508545,-1.680176,-69.725189,250.129776,6.183206,1443687679.476341,1
-0.095947,-1.619385,0.250000,13.374045,70.030533,250.129776,1443687679.506608,1
-1.022461,-0.450195,0.470459,20.076336,185.343506,-68.244278,1443687679.536456,1
-1.210205,-0.629639,-1.608398,126.381676,65.083969,7.450382,1443687679.566421,1
-1.862061,-0.430664,-0.872314,28.396946,4.839694,-75.374046,1443687679.596565,1
-3.138184,-0.819824,-0.475342,44.763359,-61.587788,59.893131,1443687679.626361,1
-0.232666,0.473877,-0.194580,137.068695,-222.977097,146.503815,1443687679.656619,1
0.040527,0.068115,-1.002441,9.312977,-189.679382,13.908397,1443687679.686646,1
-0.228516,-0.277588,-1.235352,42.610687,-40.381680,-6.229008,1443687679.716424,1
-0.089111,-0.098145,0.430908,22.992367,-13.816793,-20.106871,1443687679.746549,1
-0.084717,-0.098633,-1.126953,9.709924,-8.916031,-13.038168,1443687679.776613,1
-0.088135,-0.109131,-1.099609,9.709924,-5.175572,21.877863,1443687679.806493,1
-0.087158,-0.114990,-1.110840,3.480916,1.267176,-25.770992,1443687679.836521,1
-0.090820,-0.116943,-1.117676,0.946565,0.503817,0.381679,1443687679.896592,1
-0.087158,-0.112549,-1.114014,-1.511450,-3.282443,4.183206,1443687679.926522,1
0.495361,-0.112305,-1.107910,31.145039,-1.145038,-6.167939,1443687679.956497,1
-0.090576,-0.112061,-1.107666,0.641221,1.587786,5.496183,1443687679.986582,1
-0.090332,-0.111572,-1.104736,5.496183,-4.595420,31.083969,1443687680.016591,1
-0.096924,-0.116699,-1.111084,-0.809160,-8.458015,-26.519083,1443687680.076508,1
-0.100586,-0.114014,-1.111572,2.916031,-12.885496,7.374046,1443687680.106536,1
-0.106201,-0.121338,-1.114258,5.053435,-6.687023,-1.786260,1443687680.136444,1
-0.111572,-0.121338,-1.110352,5.343512,-6.900764,34.412212,1443687680.166499,1
-0.115479,-0.120605,-1.113281,0.366412,0.290076,-51.358780,1443687680.196560,1
-0.116455,-0.130371,-1.118896,4.519084,31.251909,-78.824425,1443687680.226344,1
-0.119629,-0.127930,-1.144287,-21.923664,0.229008,24.442749,1443687680.256620,1
-0.114990,-0.114990,-1.184082,-54.793892,16.305344,74.442749,1443687680.316071,1
-0.111572,-0.058350,-0.961670,-12.732824,-7.328244,-28.167938,1443687680.319360,1
-0.128418,-0.060059,-1.176270,-4.335878,2.427481,-36.305344,1443687680.346561,1
-0.111084,-0.139648,-1.260010,18.580153,10.870229,-5.099236,1443687680.376649,1
0.485352,0.323730,-3.052490,46.137405,97.480919,-72.320610,1443687680.406608,1
1.537842,-0.461182,0.250000,68.534348,15.633588,18.381680,1443687680.436619,1
1.985596,0.889648,-2.417725,73.435112,15.633588,-6.229008,1443687680.466424,1
3.999878,0.803223,-0.611816,-133.908401,15.633588,-91.541985,1443687680.496543,1
2.824219,0.381348,3.999878,-65.145035,250.129776,-111.694656,1443687680.526413,1
0.458008,0.045410,-2.234863,20.595419,250.129776,-65.083969,1443687680.556850,1
0.766357,0.277832,-0.667969,-51.694656,250.129776,-41.160305,1443687680.586578,1
0.630859,0.052002,-1.146973,-94.885498,250.129776,-8.519084,1443687680.616552,1
0.503418,-0.242920,-1.297852,-125.389313,248.167938,10.549619,1443687680.646571,1
0.330566,-0.282959,-1.049316,-127.954201,250.129776,-10.916031,1443687680.676682,1
0.352783,-0.363770,-1.769287,-105.862595,250.129776,-73.755722,1443687680.706523,1
0.640625,-0.643555,-2.211426,-99.938934,250.129776,-62.977100,1443687680.736368,1
-0.214844,-1.056396,3.999878,-249.068695,30.183207,15.633588,1443687680.766539,1
-2.069336,0.398438,-3.332764,-119.267174,200.167938,-122.961830,1443687680.796900,1
-2.904297,-0.596924,-0.822510,-167.328247,161.725189,-3.916031,1443687680.826542,1
0.250000,-1.414551,-0.421387,230.717560,-192.366409,155.954193,1443687680.886574,1
0.492432,-1.347412,-0.689453,51.908398,-139.862595,-36.778625,1443687680.916585,1
-0.024902,0.171875,0.421875,79.496185,-158.488556,26.992367,1443687680.946620,1
-0.097656,-0.114258,-1.121826,100.000000,-6.916030,-138.244278,1443687680.976461,1
-0.089111,-0.108643,-1.113037,1.068702,-0.580153,25.694656,1443687681.035925,1
-0.085449,-0.110107,-1.114746,10.595420,-17.404581,-6.442748,1443687681.039596,1
-0.086426,-0.115967,-1.117432,0.305344,3.053435,4.931298,1443687681.066562,1
-0.082275,-0.121094,-1.108643,3.480916,-4.458015,-2.030534,1443687681.096662,1
-0.088867,-0.119873,-1.105469,-5.068702,1.419847,7.450382,1443687681.126343,1
-0.094482,-0.116699,-1.114990,0.290076,-6.854962,17.389313,1443687681.156566,1
0.494629,-0.121338,-1.107910,6.656488,-10.793893,30.381680,1443687681.215857,1
-0.094482,0.493164,-1.103760,8.580153,-6.595420,-16.793894,1443687681.219262,1
-0.107666,-0.120361,-1.115967,17.160305,-12.900764,-2.381679,1443687681.246531,1
-0.109863,-0.127197,-1.110840,5.664122,-6.305344,-7.083970,1443687681.276763,1
-0.122070,-0.127197,-1.106689,-8.045801,-23.648855,22.458015,1443687681.306731,1
-0.122559,-0.134277,-1.110840,0.732824,-1.770992,30.824427,1443687681.336647,1
-0.125732,-0.145996,-1.108398,6.916030,-4.122138,8.870229,1443687681.396654,1
-0.130127,-0.143311,-1.107178,-4.946565,24.290077,45.862595,1443687681.426533,1
-0.135498,-0.131592,-1.106689,15.954199,14.702291,8.396947,1443687681.485915,1
0.493408,-0.125488,-1.133545,-19.068703,-12.549619,-1.206107,1443687681.489382,1
-0.101318,-0.097900,-1.104248,-16.732824,17.190840,52.091602,1443687681.516708,1
-0.111572,-0.068359,-1.000977,-1.572519,5.129771,11.267176,1443687681.575904,1
-0.110840,-0.079102,-1.126953,-3.694656,6.534351,-5.221374,1443687681.579123,1
0.492920,-0.055176,-1.074951,0.244275,17.435114,-2.641221,1443687681.606585,1
-0.315674,0.376953,-2.125488,-0.167939,4.259542,-28.076336,1443687681.636655,1
1.365479,-0.569336,0.250000,-39.572517,15.633588,-86.244278,1443687681.666629,1
3.652100,-0.372559,-2.728027,16.198473,15.633588,0.595420,1443687681.725947,1
2.539551,0.014160,-1.554688,-3.145038,15.633588,-63.801525,1443687681.729589,1
1.347900,0.533203,0.053223,70.061066,15.633588,-51.282444,1443687681.756711,1
1.081299,0.536377,0.406982,40.717556,250.129776,-125.664124,1443687681.786584,1
0.850342,0.386719,-0.828369,-1.160305,250.129776,-99.786263,1443687681.816632,1
0.920410,0.155518,0.432617,-39.099236,250.129776,-42.091602,1443687681.846580,1
0.296631,0.127930,-1.446045,-94.137405,235.221375,-2.778626,1443687681.876768,1
0.276123,-0.082520,-1.309814,-108.625954,250.129776,-46.702290,1443687681.906642,1
0.232910,-0.166992,-1.661377,-101.358780,250.129776,-59.832062,1443687681.936670,1
0.051514,-0.150391,-2.485107,-120.519081,250.129776,-53.633587,1443687681.966912,1
-0.741943,-0.172607,-0.728027,22.473282,170.503815,109.427483,1443687681.996701,1
-2.023682,0.472656,-1.472656,-56.213741,170.961838,-18.305344,1443687682.026531,1
-2.755371,-0.653076,-1.479492,-132.076340,99.450378,25.175573,1443687682.056617,1
-3.524170,-0.675537,-0.646484,28.229008,-68.748093,70.259544,1443687682.086580,1
-0.813721,-1.254883,-0.779053,242.312973,-220.244278,57.572517,1443687682.116564,1
0.058594,0.023926,-1.752930,93.648857,-222.946564,30.977098,1443687682.146574,1
-0.112061,-0.049072,-1.359863,56.259541,-85.847328,248.488556,1443687682.176635,1
-0.110107,-0.103271,-1.126953,26.396946,1.099237,-87.496185,1443687682.206619,1
-0.089844,-0.098633,-1.163574,33.694656,24.595419,-12.122137,1443687682.236673,1
-0.087402,-0.110107,-1.119385,6.656488,30.824427,-44.091602,1443687682.266564,1
-0.090088,-0.112549,-1.110840,4.824428,-17.816793,16.091602,1443687682.296696,1
0.495117,-0.114258,-1.112793,4.503817,30.977098,-2.977099,1443687682.326714,1
-0.096436,0.493408,-1.098633,8.412213,3.557252,-12.717557,1443687682.415967,1
-0.099121,-0.125732,-1.103516,6.213740,-20.152672,56.946564,1443687682.419346,1
-0.102051,-0.122803,-1.112305,0.274809,-9.068703,-44.503819,1443687682.446618,1
-0.112793,-0.127197,-1.102539,2.488550,4.946565,-34.015266,1443687682.505877,1
-0.113770,-0.126953,-1.109131,1.022901,-3.450382,-33.099236,1443687682.509234,1
-0.120605,-0.131836,-1.102539,-6.061069,-11.526717,0.396947,1443687682.536821,1
-0.122070,-0.134521,-1.112793,-3.175573,1.221374,31.114504,1443687682.566699,1
-0.121582,-0.134521,-1.104736,-2.030534,-8.076336,-5.190840,1443687682.596699,1
0.492432,-0.123047,-1.118408,-21.190840,29.419847,-8.809160,1443687682.626425,1
-0.128906,-0.119873,-1.119873,-23.114504,16.534351,-11.267176,1443687682.656628,1
-0.108887,-0.111572,-1.108887,26.916031,36.000000,34.839695,1443687682.686608,1
-0.117188,-0.075439,-1.114502,-2.503817,-3.954198,36.045803,1443687682.716624,1
-0.114502,-0.065430,-1.046875,-2.244275,0.137405,-4.870229,1443687682.746677,1
-0.100098,-0.086670,-1.108887,-0.229008,12.427481,-13.435115,1443687682.776866,1
-0.116943,-0.051758,-1.084473,1.312977,10.152672,-7.450382,1443687682.806681,1
-0.193115,-0.036865,-1.897949,48.671757,38.992367,-29.725191,1443687682.836706,1
3.546631,0.474609,0.250000,63.251907,15.633588,0.839695,1443687682.896759,1
2.516602,0.266113,-0.830078,66.198471,15.633588,36.732826,1443687682.956192,1
3.999878,1.694336,-2.587646,161.618317,15.633588,30.809160,1443687682.960016,1
2.093506,0.960449,3.999878,-135.893127,250.129776,-89.908394,1443687682.986854,1
0.916992,0.008301,-1.075439,-10.290076,250.129776,-51.450382,1443687683.046543,1
0.028320,0.090576,-1.616699,-34.351147,220.183212,-12.732824,1443687683.076647,1
0.305908,0.162354,-1.182861,-79.145035,107.679390,-21.160305,1443687683.106671,1
0.290527,-0.131836,-0.847656,-102.503815,192.916031,-30.977098,1443687683.136691,1
0.328369,-0.138672,-1.151123,-89.954201,250.129776,-27.038168,1443687683.166545,1
0.330322,-0.128906,-1.931885,-107.755722,250.129776,-24.793894,1443687683.196767,1
-1.589111,-0.949219,0.250000,96.763359,54.442749,-57.175571,1443687683.286372,1
-1.974609,0.498535,-0.986084,-26.549618,122.091606,-202.580154,1443687683.286894,1
-2.424072,-0.766113,-1.323242,-137.297714,78.122139,42.335876,1443687683.345971,1
-3.147217,-0.501953,-0.756104,42.641220,-46.244274,124.763359,1443687683.349366,1
-0.251953,-1.395264,-0.760010,89.847328,-169.893127,38.427483,1443687683.376727,1
-0.135254,0.030029,-1.349365,117.419846,-135.801529,87.038170,1443687683.406952,1
-0.118408,-0.090576,-1.163086,19.664122,-21.221375,7.389313,1443687683.436643,1
-0.095703,-0.099365,-1.119629,21.007633,30.992367,9.969465,1443687683.466646,1
-0.111084,0.492676,-1.142090,14.610687,-7.038168,1.511450,1443687683.497004,1
-0.091553,-0.116455,-1.100830,0.091603,10.106871,0.625954,1443687683.526830,1
-0.100830,-0.114502,-1.107178,4.610687,-15.862596,-23.511450,1443687683.556685,1
-0.107178,-0.122803,-1.112061,10.702291,-6.412214,29.847328,1443687683.586684,1
-0.107178,-0.119385,-1.111328,3.709924,-4.671756,-8.809160,1443687683.616571,1
-0.109863,-0.129395,-1.102783,3.511450,-3.190840,0.992366,1443687683.647061,1
-0.114990,-0.127930,-1.106201,0.152672,-3.267176,2.854962,1443687683.676678,1
-0.117676,-0.129639,-1.105957,3.267176,30.793894,-2.656489,1443687683.706676,1
-0.113770,-0.134277,-1.104248,8.290076,-9.068703,-91.969467,1443687683.736713,1
-0.120361,-0.135986,-1.103027,9.984733,4.549618,-38.198475,1443687683.766726,1
-0.127686,-0.135010,-1.100586,-3.053435,-3.755725,-13.022901,1443687683.796809,1
-0.123047,-0.135010,-1.108398,8.778625,-6.854962,-30.259542,1443687683.826769,1
-0.133057,-0.141357,-1.128174,0.091603,-9.603053,43.572517,1443687683.886670,1
-0.128418,-0.136475,-1.118408,-35.343510,14.625955,-21.328245,1443687683.916743,1
-0.118164,-0.114014,-1.114502,-9.526717,45.374046,39.541985,1443687683.946767,1
-0.116211,-0.075195,-1.075195,-31.404581,-18.732824,104.717560,1443687683.976685,1
-0.117676,-0.065430,-1.033691,-1.007634,10.503817,-1.801527,1443687684.007001,1
-0.108398,-0.087402,-1.131592,2.717557,8.717557,-12.167939,1443687684.036719,1
-0.116943,-0.040283,-1.103271,0.916031,8.442748,14.152672,1443687684.095930,1
-0.224609,0.106445,-1.705566,23.893129,47.587788,-20.305344,1443687684.099246,1
1.009033,-0.165771,0.250000,-66.015266,-173.709930,-46.396946,1443687684.156006,1
3.999878,-0.375732,-3.410400,24.992367,15.633588,-7.389313,1443687684.159514,1
0.162109,-0.058838,-1.765381,1.923664,15.633588,-47.175571,1443687684.186732,1
1.920898,0.747559,0.113037,38.580154,15.633588,-28.488550,1443687684.216704,1
0.998291,0.324463,0.023926,-21.374046,250.129776,-100.641220,1443687684.246683,1
0.817871,0.213867,-0.795898,17.496183,250.129776,-88.473282,1443687684.276809,1
0.716553,0.008789,-1.470459,-28.656488,250.129776,-31.435114,1443687684.306708,1
0.339111,0.009033,-1.399414,-39.190838,191.633591,-20.335878,1443687684.336777,1
0.299561,-0.059570,-1.125977,-91.572517,250.129776,-58.183205,1443687684.396746,1
0.192383,-0.070557,-1.556641,-95.328247,250.129776,-48.534351,1443687684.426659,1
-0.087646,0.050537,-2.078369,-129.709930,250.129776,29.068703,1443687684.456775,1
-1.638184,-0.419678,-0.093994,15.633588,43.679390,-96.717560,1443687684.486944,1
-1.722168,-0.788818,-0.711914,26.000000,149.328247,-40.687023,1443687684.516762,1
-2.313232,-0.117432,0.406494,-220.030533,68.824425,153.114502,1443687684.546737,1
-2.949463,-1.326172,-1.453857,-39.419846,28.473282,119.389313,1443687684.576740,1
-2.579834,-0.804443,-0.772949,14.687023,-182.183212,32.519085,1443687684.606732,1
-0.439453,-1.694824,-1.708984,184.961838,-191.236649,67.160309,1443687684.636706,1
-0.149170,0.040527,-1.225098,73.358780,-38.396946,24.305344,1443687684.666852,1
-0.104492,-0.104004,-1.100830,46.641220,4.381680,35.694656,1443687684.696869,1
-0.082764,-0.109131,-1.103027,26.274809,-11.099236,-41.480915,1443687684.726590,1
-0.108398,-0.113281,-1.108154,5.343512,-2.793893,31.251909,1443687684.762733,1
-0.107422,0.493408,-1.102051,5.145038,-11.175572,44.106869,1443687684.786891,1
-0.112061,-0.127441,-1.103516,-10.580153,-6.244275,19.267176,1443687684.816631,1
-0.116943,-0.126709,-1.112061,15.496183,-1.450382,49.129772,1443687684.846844,1
-0.123047,-0.135010,-1.098877,6.106870,-6.167939,-2.503817,1443687684.876881,1
-0.127686,-0.132324,-1.101074,-7.374046,-8.992367,35.725189,1443687684.906792,1
-0.135254,-0.129395,-1.099854,2.977099,-8.916031,3.893130,1443687684.936782,1
-0.130615,-0.138672,-1.108643,-3.145038,31.175573,-17.160305,1443687684.996931,1
-0.140381,-0.132568,-1.107422,-13.145039,-10.274809,-5.893130,1443687685.026722,1
-0.140381,0.493164,-1.122070,27.938931,65.877861,35.954197,1443687685.056819,1
-0.127686,-0.101318,-1.102051,-19.557251,34.961834,-2.213740,1443687685.086768,1
-0.119385,-0.076416,0.433594,-1.099237,3.603053,-13.389313,1443687685.146688,1
-0.120850,-0.072266,-1.110352,-2.564885,11.648855,6.305344,1443687685.176735,1
-0.112305,-0.088623,-1.097412,-3.374046,9.190840,1.740458,1443687685.206839,1
-0.126709,-0.032471,-1.058105,-1.541985,15.587787,0.229008,1443687685.236740,1
-0.292480,0.010498,-3.325928,20.824427,7.664122,-34.305344,1443687685.266800,1
1.307861,0.454346,0.250000,45.816795,15.633588,11.648855,1443687685.296887,1
2.396484,0.024414,0.377686,-5.450382,15.633588,15.007633,1443687685.326845,1
0.149170,-0.708740,0.397217,-8.625955,15.633588,-50.259541,1443687685.386796,1
1.483887,0.208496,2.677734,101.114502,244.595413,-113.541985,1443687685.416684,1
0.210938,0.539795,-0.442139,13.190840,250.129776,-79.343513,1443687685.446754,1
0.714355,0.428467,-0.708496,59.679390,250.129776,-70.916031,1443687685.476769,1
0.030273,0.287354,-1.337402,-16.793894,250.129776,-0.503817,1443687685.506809,1
0.206299,0.272705,-0.923584,-69.862595,239.190842,31.694656,1443687685.536767,1
0.016357,0.316406,-1.012207,-96.167938,250.129776,29.954199,1443687685.566782,1
0.212158,0.026855,0.392822,-97.541985,250.129776,-59.969467,1443687685.596786,1
0.087646,-0.144287,-2.614502,-111.984734,250.129776,-94.213737,1443687685.656075,1
-1.950439,-0.600830,3.330566,-248.320618,-14.488549,-227.267181,1443687685.659354,1
-2.501709,-0.786621,0.250000,104.030533,80.641220,-77.618324,1443687685.686959,1
-2.444580,0.453125,0.418701,-166.396942,33.908398,-248.870224,1443687685.716804,1
-3.396729,-0.142578,-0.786377,69.175575,-89.557251,114.381676,1443687685.746829,1
0.492188,-0.928711,-1.395508,243.893127,-231.526718,236.900757,1443687685.777154,1
-0.419678,-0.618164,-1.352783,52.534351,-153.022903,18.366413,1443687685.806846,1
-0.069336,-0.020752,-1.170166,66.198471,-73.236641,73.404579,1443687685.836820,1
-0.116943,-0.100830,-1.122070,26.488550,-13.267176,-13.221375,1443687685.896981,1
-0.109619,-0.104980,-1.116943,34.885498,26.213741,-2.793893,1443687685.926797,1
-0.112549,-0.107910,-1.114502,6.885496,-6.687023,21.770992,1443687685.956855,1
-0.115723,-0.110840,-1.113037,2.229008,-3.007634,-7.083970,1443687685.986887,1
-0.116699,-0.115723,-1.104736,5.374046,-2.366412,18.290077,1443687686.016703,1
-0.118896,-0.115479,-1.105469,4.580153,-1.374046,-57.328243,1443687686.046869,1
-0.128418,-0.114258,-1.110840,-11.160305,-5.312977,24.259542,1443687686.076928,1
-0.119141,-0.115234,-1.098145,0.061069,-3.557252,28.061069,1443687686.106749,1
0.493896,-0.125732,-1.104736,30.748091,-7.236641,1.786260,1443687686.136796,1
-0.127441,-0.115479,-1.107666,-1.190840,2.717557,4.656488,1443687686.166841,1
-0.134766,-0.102051,-1.101562,-26.702290,1.435115,52.412212,1443687686.196870,1
0.492188,0.495361,-1.114258,-32.076336,17.847328,-58.442749,1443687686.226789,1
-0.110352,-0.074707,-1.098877,-29.618320,0.916031,46.061069,1443687686.257022,1
-0.114258,-0.062744,-1.106201,-7.511450,-5.343512,30.061069,1443687686.286841,1
-0.119873,-0.073975,-1.138428,-0.320611,5.725191,2.900763,1443687686.316886,1
-0.118408,-0.065918,-1.115967,-0.351145,9.709924,-2.198473,1443687686.346837,1
-0.120605,-0.044434,0.434326,2.335878,14.061069,0.442748,1443687686.377200,1
0.492676,-0.049072,-1.201416,7.267176,27.801527,0.992366,1443687686.406912,1
-0.126221,-0.024170,0.250000,15.175572,55.068703,-59.557251,1443687686.436810,1
1.467285,-0.353027,0.250000,37.358780,15.633588,24.274809,1443687686.466862,1
1.964355,0.507324,-1.818115,17.038168,15.633588,26.167938,1443687686.497234,1
3.809814,0.054932,-2.301025,-67.129768,15.633588,-67.007637,1443687686.526688,1
0.111572,0.316650,0.455322,54.305344,-204.458008,-57.038166,1443687686.556868,1
0.960205,0.279541,-1.503418,53.954197,250.129776,-129.786255,1443687686.586774,1
0.779541,0.208496,-0.801514,34.687023,250.129776,-108.717560,1443687686.616793,1
0.945312,0.025879,-1.207031,-24.351145,250.129776,-19.068703,1443687686.646869,1
0.345703,0.126953,-1.434570,27.648855,225.893127,19.770992,1443687686.676865,1
0.211182,0.002686,-1.088135,-103.725189,201.053436,-8.778625,1443687686.706869,1
0.210693,-0.226318,-1.087402,-91.190842,250.129776,-57.206108,1443687686.736839,1
0.253418,-0.274902,-1.740723,-91.419846,250.129776,-74.900764,1443687686.767506,1
1.506348,-3.287598,3.999878,15.633588,248.641220,-248.190842,1443687686.797026,1
-1.953125,-0.191895,2.667969,-65.465652,250.129776,-70.824425,1443687686.826872,1
-3.022217,-0.864258,-0.632324,-13.312977,66.259544,244.267181,1443687686.886848,1
0.250000,-0.699463,0.050781,1.832061,21.862595,219.908401,1443687686.916830,1
0.134766,0.076904,-2.205322,53.053436,-185.465652,21.160305,1443687686.947034,1
-0.139893,-0.153320,-1.163086,110.656487,-22.152672,-39.893131,1443687686.976872,1
-0.097168,-0.111816,-1.097168,11.435115,-9.206107,3.770992,1443687687.006909,1
-0.079590,-0.109131,-1.107910,6.335878,2.229008,9.541985,1443687687.036814,1
-0.078125,-0.109131,-1.114746,8.381680,30.748091,2.793893,1443687687.066813,1
-0.083252,-0.115967,-1.110596,-1.770992,0.274809,3.007634,1443687687.096959,1
-0.083252,-0.116699,-1.113037,-4.977099,2.610687,-29.404581,1443687687.126770,1
-0.082031,-0.120605,-1.109375,3.099237,-4.152672,-4.717557,1443687687.156937,1
-0.085449,-0.126221,-1.104492,2.595420,-2.045802,15.755725,1443687687.216109,1
-0.093994,-0.125244,-1.110107,-6.732824,-6.534351,-27.755726,1443687687.219773,1
-0.063232,-0.127441,-1.106689,0.061069,-2.351145,24.305344,1443687687.246865,1
0.494629,-0.139160,-1.103516,-3.587786,-4.702290,-6.900764,1443687687.277378,1
-0.099854,-0.120850,-1.109619,19.664122,-0.854962,-29.511450,1443687687.306878,1
-0.096924,-0.125244,-1.112549,30.198473,0.564885,-35.312977,1443687687.336911,1
-0.104492,-0.110596,-1.103271,-22.183207,6.748092,-4.793893,1443687687.397002,1
-0.105225,-0.109131,-1.119141,-23.786259,9.923664,1.145038,1443687687.426856,1
-0.062744,-0.088623,-1.128418,-40.183205,10.870229,24.229008,1443687687.457005,1
-0.095947,-0.068848,-1.099365,-8.687023,-3.450382,-3.206107,1443687687.486914,1
-0.097412,-0.070801,-1.104492,-5.160306,9.297709,11.267176,1443687687.516919,1
-0.099365,-0.071533,-1.106934,-0.748092,0.259542,0.824427,1443687687.546851,1
-0.099365,0.497314,-1.096191,0.244275,2.717557,1.358779,1443687687.576736,1
-0.106201,-0.063477,-1.116211,3.770992,12.442748,-8.381680,1443687687.606942,1
-0.131592,-0.110596,-2.357178,110.473282,63.786259,-17.190840,1443687687.636843,1
0.809082,-0.487793,0.250000,17.496183,15.633588,13.984733,1443687687.667013,1
0.120117,-0.038574,-2.741211,88.106873,15.633588,4.351145,1443687687.696989,1
1.575195,0.766357,-1.950928,17.389313,15.633588,-48.916031,1443687687.726757,1
2.617676,-0.013184,-2.480713,5.541985,15.633588,-49.954197,1443687687.757009,1
1.392334,1.034180,3.999878,157.312973,250.129776,-72.503815,1443687687.787274,1
0.517090,0.462891,0.420166,-13.007633,250.129776,-24.030535,1443687687.816947,1
0.502930,0.487549,-0.838135,1.770992,250.129776,-62.244274,1443687687.846952,1
0.411621,0.105713,-1.419434,-61.969467,250.129776,-32.061069,1443687687.876970,1
0.104492,0.136230,0.421875,-94.167938,250.129776,-12.977099,1443687687.906915,1
0.209717,0.023193,-1.443604,25.267176,250.129776,-27.129770,1443687687.936985,1
0.139160,-0.098389,-1.949951,-115.801529,250.129776,-37.343510,1443687687.996325,1
-0.801514,-1.487549,3.999878,-46.534351,20.152672,201.274811,1443687687.999932,1
-1.979980,-0.540771,-0.716797,-69.496185,250.129776,-20.198473,1443687688.026851,1
-2.379883,-0.547852,-1.648193,-57.969467,139.938934,-101.022903,1443687688.057067,1
-3.258545,-0.997803,-1.446289,-47.419846,73.709923,79.648857,1443687688.086885,1
-3.450928,-0.965576,-0.917969,138.870224,-192.961838,128.916031,1443687688.116823,1
-0.591309,-1.515869,0.250000,83.053436,-147.221375,60.748093,1443687688.146932,1
-0.091797,-0.072510,-1.118896,23.221375,18.916031,102.656487,1443687688.176922,1
-0.078369,-0.097412,-1.244629,69.847328,-147.160309,42.824429,1443687688.207012,1
-0.101074,-0.089600,-1.145752,55.038166,-24.305344,105.038170,1443687688.236822,1
-0.116211,-0.153076,-1.107910,24.442749,-10.763359,0.213740,1443687688.266969,1
-0.091553,-0.119873,-1.113037,1.007634,2.625954,-14.412213,1443687688.297200,1
-0.089844,-0.126221,-1.110840,-1.190840,3.755725,33.984734,1443687688.326959,1
-0.100586,-0.131592,-1.106689,11.908397,10.045801,0.106870,1443687688.386921,1
-0.098877,-0.135010,-1.109619,5.190840,-9.282443,3.297710,1443687688.416878,1
-0.106201,-0.135498,-1.100830,1.847328,-5.145038,2.671756,1443687688.446863,1
-0.106689,-0.136963,-1.103760,28.519083,-29.099237,-42.473282,1443687688.476932,1
-0.111572,-0.141113,-1.104004,-2.320611,-4.412214,-7.954198,1443687688.506984,1
-0.111816,-0.142578,-1.100586,13.908397,-1.145038,89.297707,1443687688.536956,1
-0.115234,-0.138428,-1.110352,5.755725,-12.274809,10.671756,1443687688.566895,1
-0.118652,-0.146240,-1.105957,13.603053,-23.190840,-1.450382,1443687688.597029,1
0.493652,-0.145264,-1.101318,6.015267,-0.030534,35.572517,1443687688.626808,1
-0.125488,-0.153809,-1.106689,18.122137,-3.374046,31.160305,1443687688.656938,1
0.492432,0.491211,-1.099854,-1.664122,3.786260,-26.061069,1443687688.686970,1
-0.125244,-0.160156,-1.100342,-3.053435,-7.389313,-7.374046,1443687688.716936,1
-0.131836,-0.151367,-1.109375,-22.076336,-0.946565,3.297710,1443687688.746967,1
-0.130127,-0.129883,-1.132324,-48.061069,13.419847,-70.198471,1443687688.776980,1
-0.125977,-0.114990,-1.171631,-41.053436,3.465649,40.778625,1443687688.807337,1
-0.112549,-0.069092,-0.989258,-39.954197,0.030534,11.877863,1443687688.837020,1
-0.108398,-0.080322,-1.097900,9.221375,9.603053,-9.480916,1443687688.897067,1
-0.121582,-0.023193,-1.098145,-10.030535,20.015266,-12.519084,1443687688.926973,1
0.019775,0.006836,0.250000,-38.229008,32.931297,-39.328243,1443687688.956989,1
1.477539,0.242432,0.250000,-24.290077,15.633588,-23.038168,1443687688.986919,1
1.707031,0.367188,-1.455078,-96.961830,15.633588,-53.022900,1443687689.016916,1
3.159668,-0.327637,-1.580078,25.603054,15.633588,-113.938934,1443687689.046936,1
1.466553,-0.451660,-0.109619,45.083969,15.633588,-63.358780,1443687689.076969,1
0.510010,-0.126221,-1.077637,71.801529,250.129776,-116.824425,1443687689.107192,1
0.448242,0.353516,-1.389648,78.839691,250.129776,-55.435116,1443687689.136944,1
0.503174,0.269775,-0.647949,-1.068702,244.503815,-5.740458,1443687689.166968,1
0.214600,0.364258,-1.127441,-43.648853,223.129776,19.832062,1443687689.196978,1
0.010742,0.261230,-0.977783,-94.717560,250.129776,6.946565,1443687689.227246,1
0.203613,0.108154,-1.282715,25.572519,250.129776,-37.954197,1443687689.257007,1
0.420654,-0.250244,-2.147217,-87.572517,250.129776,-22.702290,1443687689.287017,1
-0.294678,-0.723145,0.250000,-206.229004,-80.916031,15.511451,1443687689.317159,1
-1.596436,-1.190918,-1.338867,-93.145035,158.519089,-79.893127,1443687689.347261,1
-2.490723,-0.282471,-1.911377,46.290077,117.435112,21.618320,1443687689.377088,1
-2.569824,-0.903564,-0.829590,-2.534351,-30.885496,51.083969,1443687689.407018,1
-3.002441,-1.088135,0.454590,140.595413,20.946566,61.618320,1443687689.437158,1
0.079102,-0.309814,-1.370117,2.473282,-146.687027,-115.099236,1443687689.467479,1
-0.087646,-0.052246,-1.297363,63.083969,-178.717560,-13.908397,1443687689.497120,1
-0.076172,-0.055908,-1.227051,77.145035,-85.801529,121.496185,1443687689.526790,1
-0.121094,-0.099365,-1.137939,31.068703,-33.938931,25.664122,1443687689.556992,1
-0.104004,-0.101318,0.430176,13.832061,29.725191,10.992367,1443687689.586982,1
-0.115967,-0.114014,-1.128418,-0.137405,-41.251907,38.671757,1443687689.616987,1
-0.127930,0.493896,-1.107422,30.992367,-19.816793,-28.213741,1443687689.646948,1
-0.132080,-0.123047,-1.115234,-1.328244,30.488550,29.694656,1443687689.676961,1
-0.139404,0.493896,-1.108154,-21.694656,-10.580153,27.587786,1443687689.707014,1
-0.143311,-0.128418,-1.110596,-9.938931,-16.198473,74.152672,1443687689.736971,1
-0.140869,-0.126709,-1.107666,-2.564885,-8.885496,-7.679389,1443687689.796327,1
-0.153564,-0.122314,-1.103760,-18.427481,5.343512,34.885498,1443687689.799705,1
-0.152588,-0.104980,-1.105225,-25.221375,0.961832,-14.198473,1443687689.827172,1
-0.139648,-0.084473,-1.107666,-21.282442,7.175572,27.312977,1443687689.887034,1
-0.136475,-0.069092,-1.096191,-26.656488,16.259542,-24.274809,1443687689.917136,1
-0.134766,0.497314,-1.089844,-11.221375,-3.099237,6.030534,1443687689.946932,1
-0.135254,-0.059326,-1.117676,-1.572519,-9.114504,15.435115,1443687689.977031,1
-0.135498,-0.052979,-1.120117,-0.290076,-9.389313,1.847328,1443687690.007068,1
-0.133789,-0.057861,-1.083496,0.702290,-5.450382,-0.290076,1443687690.037019,1
-0.130127,-0.067627,-1.098633,0.946565,2.198473,-0.992366,1443687690.066905,1
-0.133789,-0.067139,-1.103760,-0.839695,4.076336,6.763359,1443687690.097106,1
-0.134521,-0.055176,-1.112549,5.374046,0.122137,2.198473,1443687690.126870,1
-0.126709,-0.069336,-1.117188,1.877863,0.717557,-0.244275,1443687690.189506,1
-0.127197,-0.067383,-1.113037,0.351145,-0.320611,7.404580,1443687690.217020,1
-0.133301,0.496338,-1.094238,0.351145,0.290076,-8.259542,1443687690.247050,1
-0.127197,-0.063477,-1.087158,31.145039,8.137404,-1.374046,1443687690.277133,1
-0.130371,-0.058594,-1.110840,-1.160305,8.000000,-19.068703,1443687690.307144,1
-0.134277,-0.032471,-1.078857,4.473282,0.900763,1.725191,1443687690.367075,1
-0.704590,0.052979,-2.980469,56.870228,16.305344,-47.236641,1443687690.397024,1
0.934082,-0.711182,0.250000,-0.427481,15.633588,-66.549622,1443687690.426911,1
1.029785,0.287109,-1.728271,58.534351,15.633588,-10.534351,1443687690.457067,1
0.950195,0.724854,-1.413818,-37.786259,15.633588,-102.824425,1443687690.486991,1
2.870117,0.256104,-1.116943,-84.717560,15.633588,-142.717560,1443687690.517129,1
0.916504,-0.450928,0.734375,-61.297710,-171.282440,-86.213737,1443687690.547024,1
0.547607,-0.082031,-0.038818,-44.000000,250.129776,-48.351147,1443687690.606303,1
0.775879,0.071777,-0.770752,-43.190838,250.129776,28.106871,1443687690.609608,1
0.040039,-0.208984,-0.959717,-101.007637,250.129776,-49.374046,1443687690.637009,1
0.452148,-0.440430,-1.477539,-116.290077,245.282440,-70.427483,1443687690.667283,1
0.302002,-0.732666,-1.554688,-113.465652,250.129776,-101.450378,1443687690.697030,1
-0.272949,-0.144775,-1.643799,-156.564880,250.129776,-67.282440,1443687690.787056,1
-0.463379,-0.475586,-2.113281,-137.587784,250.129776,-129.282440,1443687690.817120,1
-1.516113,-1.485107,-1.296875,15.633588,142.641220,-145.557251,1443687690.847036,1
-2.376465,-1.113281,-1.059082,166.641220,89.511452,-248.366409,1443687690.877158,1
-2.273682,-0.584229,-1.230713,-7.083970,-182.656494,0.320611,1443687690.936364,1
1.133545,-0.251221,0.425293,249.893127,15.633588,29.801527,1443687690.939948,1
0.014404,-0.034424,-1.422607,132.427475,-210.061066,-16.870230,1443687690.967091,1
-0.166016,-0.240234,-1.319336,139.374039,-47.251907,201.435120,1443687691.026554,1
-0.139893,-0.148193,-1.095947,48.763359,2.167939,95.694656,1443687691.029769,1
-0.080078,-0.126953,-1.116211,0.641221,-12.229008,-1.770992,1443687691.057166,1
-0.084473,-0.129395,-1.119873,6.152672,-5.053435,45.221375,1443687691.087176,1
-0.083984,-0.131348,-1.114014,7.068702,-2.427481,-1.450382,1443687691.116977,1
-0.091064,-0.131592,-1.097900,6.625954,-1.603053,-19.801527,1443687691.147087,1
-0.091309,-0.132568,-1.101562,0.793893,-11.404580,3.587786,1443687691.177051,1
-0.095947,-0.128906,-1.103760,4.412214,-23.648855,-24.274809,1443687691.207070,1
-0.104492,-0.134277,-1.111084,1.114504,-7.267176,2.885496,1443687691.236937,1
-0.101807,-0.135986,-1.104736,5.435114,-2.900763,1.526718,1443687691.267128,1
-0.106689,-0.135742,-1.100586,1.175573,30.748091,21.007633,1443687691.297218,1
-0.117432,-0.135742,-1.101562,0.427481,-6.473282,-7.129771,1443687691.327122,1
0.493652,-0.143066,-1.101562,1.114504,-4.717557,12.152672,1443687691.387110,1
-0.128662,-0.145508,-1.104980,6.977099,-2.503817,-69.312981,1443687691.417037,1
0.493164,-0.152344,-1.107910,30.335878,-12.458015,-12.778625,1443687691.447084,1
-0.134033,-0.156494,-1.104980,-9.786260,7.709924,-87.572517,1443687691.477043,1
-0.140137,-0.157959,-1.109863,0.580153,-4.473282,-37.435116,1443687691.507121,1
-0.138672,-0.163574,-1.099854,4.854962,-0.442748,19.877863,1443687691.537080,1
-0.140625,0.491211,-1.101562,-3.938931,11.419847,30.183207,1443687691.567095,1
-0.136475,-0.148926,-1.097168,-16.610687,32.641220,-42.412212,1443687691.597047,1
-0.134521,-0.126221,0.430664,-35.526718,9.358779,-0.534351,1443687691.626970,1
-0.119629,0.492676,-1.102295,-32.305344,19.862595,30.534351,1443687691.657150,1
-0.113037,-0.109863,-1.116699,-38.671757,6.580153,-6.809160,1443687691.687178,1
-0.112305,-0.104004,-1.105957,29.862595,8.061069,-8.900764,1443687691.717029,1
-0.099854,-0.106201,-1.063477,4.580153,0.366412,4.458015,1443687691.747059,1
-0.115479,-0.067139,-1.119873,-4.916030,11.633588,-19.938931,1443687691.777241,1
-0.458496,0.927002,0.428955,-61.007633,7.969466,-52.931297,1443687691.807212,1
-0.318604,1.603027,-1.519287,15.633588,-30.473282,-240.900757,1443687691.837141,1
1.116699,0.442627,0.250000,15.633588,15.633588,15.633588,1443687691.897130,1
1.437256,-0.881836,-2.488770,15.633588,15.633588,15.633588,1443687691.927182,1
0.128174,-1.090088,-2.829834,-135.541992,15.633588,15.633588,1443687691.957139,1
0.047607,-0.710938,-0.394287,-112.366409,-181.206100,-246.030533,1443687691.987292,1
0.434326,-0.148682,-0.461914,-41.725189,250.129776,-182.854965,1443687692.017121,1
0.522217,-0.158691,-1.060303,-18.045801,241.160309,-110.717560,1443687692.047005,1
0.430176,-0.577881,0.430664,-69.282440,199.007629,-35.190838,1443687692.077754,1
0.180176,-0.621338,-0.994629,-76.961830,180.519089,28.015266,1443687692.107154,1
0.109863,-0.543945,-0.820068,-64.595421,250.129776,-123.603050,1443687692.137157,1
0.185059,-0.441895,-1.297852,-47.816795,250.129776,-144.351151,1443687692.196475,1
0.190430,-0.352051,-1.832275,-56.213741,250.129776,-117.725189,1443687692.199851,1
0.006836,-0.516846,-2.112061,-65.755722,249.969467,-81.603050,1443687692.227721,1
-0.283447,-0.320801,-2.336670,-71.786263,239.847336,-67.801529,1443687692.257241,1
0.446777,-0.471680,-2.033691,-79.343513,223.312973,15.633588,1443687692.287149,1
-1.484619,-0.309326,0.468750,16.213741,106.381676,-22.244274,1443687692.317474,1
-1.863281,-0.608398,-1.288574,41.541985,69.007637,-124.946564,1443687692.347117,1
-1.922119,-0.683594,-0.794189,141.496185,-125.877861,-18.167938,1443687692.377392,1
-0.170654,-0.301270,-3.054688,100.320610,-246.916031,16.381680,1443687692.407255,1
-0.008057,0.091064,-1.507324,81.312981,-189.389313,31.847328,1443687692.437288,1
-0.090576,-0.171387,-1.230469,96.656487,-71.679390,181.389313,1443687692.467185,1
-0.095947,-0.126465,-1.162109,30.595419,-7.236641,10.442748,1443687692.526550,1
-0.068115,-0.118408,-1.102539,38.641220,-29.496183,61.389313,1443687692.529870,1
-0.094971,-0.131592,-1.109375,12.900764,-18.793894,85.923668,1443687692.557606,1
0.494629,-0.138428,-1.108643,23.190840,-40.335876,2.137405,1443687692.587521,1
-0.104736,-0.143311,-1.109131,13.969465,-37.297710,0.335878,1443687692.617159,1
-0.119629,-0.141113,-1.107910,3.389313,-12.854961,-11.022901,1443687692.647134,1
-0.121826,-0.141357,-1.104980,-17.251909,-8.748092,-19.129770,1443687692.706396,1
-0.130859,-0.138916,-1.105469,-39.419846,3.358779,-16.015266,1443687692.709714,1
-0.134766,-0.134033,-1.095947,4.931298,-14.931297,14.015267,1443687692.737165,1
-0.137207,-0.138428,-1.084717,2.656489,-10.274809,-2.870229,1443687692.767262,1
-0.139648,-0.134766,-1.086670,5.282443,-8.137404,2.396947,1443687692.797299,1
-0.147217,-0.144531,0.431641,16.839695,2.671756,-20.580153,1443687692.827249,1
-0.150391,-0.147949,-1.074219,14.381680,30.702290,-5.725191,1443687692.887177,1
-0.135986,-0.177979,-1.120605,14.916031,7.709924,-93.251907,1443687692.917138,1
-0.149170,-0.176514,-1.113037,23.709923,-0.656489,-16.427481,1443687692.947168,1
-0.145020,-0.198730,-1.095215,0.702290,0.366412,-0.519084,1443687692.977173,1
-0.143066,-0.194092,0.432373,-1.770992,3.328244,-10.290076,1443687693.007282,1
-0.142822,0.489990,-1.095703,-1.160305,-4.839694,0.793893,1443687693.037084,1
-0.148193,-0.185547,-1.109131,1.145038,-2.305344,13.603053,1443687693.067088,1
-0.144287,-0.188965,-1.094727,2.305344,3.725191,11.068703,1443687693.097480,1
-0.145996,-0.192627,-1.096680,-0.778626,2.473282,-15.358779,1443687693.126941,1
-0.150391,-0.192139,-1.094238,31.114504,-11.343512,30.351145,1443687693.157179,1
-0.145508,-0.185059,-1.084961,-28.809160,8.122137,69.496185,1443687693.187119,1
-0.134521,-0.156982,-1.100830,-64.290077,-104.000000,30.076336,1443687693.217207,1
-0.128906,-0.137939,-1.109863,-71.938934,17.755726,-14.045801,1443687693.247169,1
-0.127197,-0.116943,-1.075195,-68.534348,14.366412,-176.458008,1443687693.277254,1
-0.125732,-0.079834,-1.049072,-8.244275,16.916031,1.404580,1443687693.336464,1
-0.116943,-0.096191,-1.087158,-17.282442,14.106871,-1.190840,1443687693.339847,1
-0.548584,1.462646,-3.636475,-208.885498,2.076336,-26.610687,1443687693.397286,1
1.037842,-0.134033,0.250000,-117.694656,15.633588,-112.824425,1443687693.427123,1
1.350586,0.019287,-1.933838,-194.458008,15.633588,-107.358780,1443687693.457297,1
2.691406,-0.756592,-2.531494,-195.267181,15.633588,-129.297714,1443687693.487229,1
1.358398,-0.724121,-0.295898,32.778625,15.633588,-133.389313,1443687693.517164,1
0.848877,-0.521973,-2.865479,214.793900,250.129776,-212.458008,1443687693.576393,1
0.032227,0.261719,-1.245117,128.381683,250.129776,-144.381683,1443687693.579602,1
0.559082,0.171143,-0.860352,75.389313,250.129776,-66.167938,1443687693.607519,1
0.435547,0.348633,-1.309326,15.282443,210.351151,-6.916030,1443687693.637189,1
0.158691,0.330811,-1.174316,-47.358780,9.725191,5.984733,1443687693.667171,1
0.055664,0.068848,-1.132324,-40.152672,248.175568,-44.702290,1443687693.697111,1
0.139893,-0.047852,-1.825684,-31.496183,250.129776,-26.580153,1443687693.727251,1
-0.236084,0.215820,-2.014648,-105.969467,250.129776,-12.793893,1443687693.757330,1
-0.670410,-0.430908,-2.420410,-187.053436,250.129776,160.946564,1443687693.787139,1
-1.340088,-0.145996,0.444336,30.717558,158.687027,249.068695,1443687693.817258,1
0.366211,-0.983398,-1.410889,-66.229004,106.122139,-1.709924,1443687693.847207,1
0.250000,-1.398682,-0.360596,38.763359,-149.328247,159.450378,1443687693.906586,1
-0.035645,-0.668457,-1.077148,29.984734,-211.862595,69.969467,1443687693.910374,1
0.008057,0.061035,0.415527,48.992367,-144.427475,27.679390,1443687693.937259,1
-0.120850,-0.115479,-1.159668,20.916031,-8.213740,-42.625954,1443687693.967228,1
-0.089355,0.493652,-1.102783,21.648855,10.519084,2.167939,1443687693.997260,1
-0.093994,-0.130127,-1.107666,14.030535,-2.259542,-10.977099,1443687694.027062,1
-0.091064,-0.135986,-1.098389,19.755726,-11.007633,86.961830,1443687694.057275,1
-0.097900,-0.126953,-1.108887,7.679389,-6.320611,0.595420,1443687694.087095,1
-0.099854,-0.129883,-1.114258,0.442748,-4.030534,-1.816794,1443687694.117412,1
-0.101807,-0.133545,-1.095703,6.977099,-4.763359,-6.519084,1443687694.147116,1
-0.104248,-0.137939,-1.099854,4.381680,-5.068702,-16.061069,1443687694.177218,1
-0.107666,-0.135254,-1.099365,3.557252,-7.984733,-7.496183,1443687694.207256,1
-0.115967,-0.137207,-1.100342,-4.595420,0.274809,28.595419,1443687694.237207,1
-0.114746,-0.141602,-1.105225,-4.274809,-7.984733,-10.442748,1443687694.296613,1
-0.122314,-0.135254,-1.104004,-7.664122,-1.374046,16.488550,1443687694.299875,1
-0.125244,-0.136963,-1.104492,-2.961832,-0.076336,7.007634,1443687694.327235,1
-0.121338,-0.131348,-1.107178,-2.641221,6.625954,9.618320,1443687694.416472,1
-0.118408,-0.126709,-1.106689,-9.099236,1.435115,46.625954,1443687694.419958,1
-0.120850,-0.131592,-1.126465,30.809160,4.183206,27.862595,1443687694.447222,1
0.493408,-0.120605,-1.126953,-24.427481,49.145039,-44.671757,1443687694.477242,1
-0.109375,-0.139404,-1.007568,-28.137405,2.885496,-3.786260,1443687694.507280,1
-0.118896,-0.089844,-1.116211,-11.893129,-12.412213,3.190840,1443687694.537211,1
-0.115967,-0.080078,-1.071777,-2.122137,-1.007634,0.259542,1443687694.567196,1
-0.122559,-0.071777,-1.108398,3.328244,11.969465,4.977099,1443687694.597158,1
-0.126221,-0.108887,-1.227051,13.618320,17.175573,6.900764,1443687694.627319,1
-0.118652,-0.122803,-2.276367,145.908401,12.259542,-11.969465,1443687694.657268,1
0.330811,-0.253418,0.250000,104.137405,15.633588,103.053436,1443687694.716479,1
1.377686,0.491211,-2.947021,151.938934,15.633588,49.160305,1443687694.719711,1
2.085693,0.515137,-1.164551,9.664123,15.633588,47.572517,1443687694.747249,1
0.057373,0.920654,-0.181641,48.671757,15.633588,53.877861,1443687694.836542,1
1.135010,0.913574,3.999878,-106.122139,189.526718,-4.702290,1443687694.837123,1
0.036865,0.233398,-0.743896,-45.725189,250.129776,6.320611,1443687694.840849,1
0.489746,0.128662,-1.429199,-79.053436,250.129776,-28.244274,1443687694.897146,1
0.378174,-0.173828,-1.556396,-84.763359,203.175568,28.580153,1443687694.927394,1
0.238281,-0.265625,-1.206543,-92.183205,183.541992,-43.908398,1443687694.957312,1
0.238770,-0.242188,-1.363770,-104.778625,233.511444,-36.900764,1443687694.987282,1
0.329346,-0.333984,-1.641602,-114.259544,250.129776,-24.702290,1443687695.017316,1
0.244629,-0.433838,-2.009033,-101.129768,250.129776,5.312977,1443687695.047298,1
0.082764,-0.457764,-0.277588,-152.992371,-24.793894,-85.114502,1443687695.077132,1
-1.392822,-0.652344,-2.395752,26.946566,136.748093,31.053434,1443687695.107336,1
-1.572510,-0.477539,-1.211914,-7.541985,157.083969,-85.992363,1443687695.137310,1
-1.865967,-0.190674,-1.139160,-67.709923,109.633591,38.610687,1443687695.167499,1
-2.062988,-0.712646,-1.128174,-11.984733,-17.450382,177.969467,1443687695.197228,1
-1.660645,-0.424072,-0.976562,112.610687,-126.274811,20.000000,1443687695.227069,1
-0.292236,-0.355957,0.002930,92.854965,-214.396942,2.778626,1443687695.257329,1
-0.052002,-0.158936,-1.253418,40.106869,-207.603058,2.412214,1443687695.287565,1
-0.104248,-0.139160,-1.354980,71.221375,-44.580154,44.427483,1443687695.317297,1
0.492920,-0.121338,-1.157471,20.183207,-11.801527,17.725191,1443687695.347273,1
0.495850,0.492676,-1.102539,10.152672,-1.145038,-10.198473,1443687695.377427,1
-0.091064,-0.130615,-1.102051,0.244275,-5.053435,13.053435,1443687695.407499,1
-0.098145,-0.132324,-1.107422,2.137405,-13.068703,57.694656,1443687695.437305,1
-0.097900,-0.134766,-1.111328,7.160306,5.038168,33.145039,1443687695.467160,1
-0.099854,-0.137695,-1.104248,1.877863,-0.656489,0.839695,1443687695.497108,1
-0.104492,-0.135010,-1.104492,3.877863,-5.129771,15.419847,1443687695.527154,1
-0.107910,-0.132324,-1.103027,0.458015,-6.320611,3.389313,1443687695.557347,1
-0.107910,-0.142090,-1.105469,3.007634,-6.458015,5.694656,1443687695.587225,1
-0.113281,-0.142578,-1.102539,-22.183207,24.152672,-0.137405,1443687695.617268,1
-0.120605,-0.137695,-1.110596,3.832061,-1.374046,4.580153,1443687695.676635,1
-0.118408,-0.140381,-1.101807,-9.389313,-3.312977,78.595421,1443687695.679954,1
-0.121094,-0.142822,-1.098877,-14.961832,9.664123,-39.954197,1443687695.707338,1
-0.117188,-0.135986,-1.104980,-12.091603,7.770992,36.427483,1443687695.737370,1
-0.117676,-0.132812,-1.121582,-20.473282,15.007633,-19.343512,1443687695.767364,1
0.493652,-0.132812,-1.159668,-29.877863,-12.366412,60.503819,1443687695.797246,1
-0.110840,-0.116943,-1.065430,-13.145039,6.320611,28.274809,1443687695.827324,1
-0.122070,-0.081787,-1.094971,-14.809160,0.167939,-5.908397,1443687695.887317,1
-0.114014,-0.084473,-1.105225,-2.061069,0.122137,5.984733,1443687695.917287,1
-0.116699,-0.080811,-1.106689,0.122137,2.641221,-5.389313,1443687695.947319,1
-0.104492,-0.101074,-1.118652,0.091603,9.114504,-3.236641,1443687695.977253,1
-0.150391,-0.114746,-1.724121,60.137405,25.007633,-15.374045,1443687696.007390,1
0.047119,-0.470459,-3.358887,153.511444,-27.709923,3.160305,1443687696.037288,1
0.637695,0.017578,0.250000,75.679390,15.633588,78.702293,1443687696.067236,1
1.287598,0.051758,-2.049072,8.656488,15.633588,36.931297,1443687696.097179,1
1.739014,0.435059,0.420654,106.717560,15.633588,-4.748092,1443687696.127170,1
0.954590,0.810547,-0.408936,26.519083,15.633588,-9.633588,1443687696.157324,1
0.039795,0.376953,-2.000244,45.389313,250.129776,-12.305344,1443687696.187271,1
0.478027,0.236328,-1.099609,2.916031,240.580154,21.877863,1443687696.217320,1
0.574707,0.039062,-0.926758,-53.770992,250.129776,23.358778,1443687696.247310,1
0.208984,0.024658,-1.180908,-80.534348,238.167938,-20.030535,1443687696.277419,1
0.243408,-0.270996,-1.127197,-84.717560,218.183212,-37.603054,1443687696.307401,1
0.129150,-0.289551,0.425293,-96.931297,250.129776,-38.595421,1443687696.337216,1
0.202148,-0.352539,-1.871094,-100.351143,250.129776,30.213741,1443687696.397197,1
0.040527,0.482178,-2.409424,-94.366409,250.129776,-20.656488,1443687696.427183,1
-0.941162,-0.460693,2.440430,-249.984726,122.274811,121.152672,1443687696.457393,1
-1.887939,-0.880371,0.250000,1.496183,67.068703,-32.244274,1443687696.487296,1
-2.882080,-0.581055,-1.140625,-4.442748,98.351143,-28.320610,1443687696.517294,1
-2.810303,-0.596191,-0.791260,67.083969,-60.045803,-3.221374,1443687696.547318,1
0.083740,-0.406494,-1.190918,144.503815,15.633588,119.038170,1443687696.577375,1
-0.017578,-0.023438,-1.503662,15.374045,16.320610,39.389313,1443687696.607412,1
-0.167725,-0.204590,-1.494873,80.259544,27.358778,-64.000000,1443687696.637264,1
-0.119629,-0.100342,-1.140137,29.251909,-16.580153,48.412212,1443687696.667354,1
-0.113037,0.493896,-1.109619,34.656490,-26.259542,-17.954199,1443687696.697188,1
-0.098633,-0.127197,-1.097900,18.091602,-18.473282,-1.633588,1443687696.727261,1
-0.108154,-0.135742,-1.101807,41.938931,-7.297710,100.442749,1443687696.757396,1
0.493896,-0.137695,-1.114746,26.549618,-26.167938,3.068702,1443687696.787349,1
-0.126709,-0.138428,-1.103516,-14.015267,-23.236641,8.564885,1443687696.817339,1
-0.134033,-0.147949,-1.101807,-4.076336,-14.213740,-75.633591,1443687696.876714,1
-0.150635,-0.148193,-1.102051,-16.000000,-12.839695,29.893129,1443687696.880404,1
-0.158203,-0.147949,-1.097656,2.717557,-4.488550,-0.763359,1443687696.907433,1
-0.154297,-0.145508,-1.101562,-1.832061,-4.198473,2.396947,1443687696.937381,1
-0.160156,-0.142334,-1.094238,-3.755725,5.374046,-1.404580,1443687696.967448,1
-0.159180,-0.134766,-1.091064,-10.763359,1.038168,5.389313,1443687696.997257,1
-0.158691,-0.132324,-1.103516,-15.389313,1.236641,11.877863,1443687697.027346,1
-0.161133,-0.120117,-1.111572,-18.656488,17.190840,2.122137,1443687697.057440,1
-0.150879,-0.101074,-1.102295,29.206106,-4.656488,-47.312977,1443687697.087391,1
-0.137939,-0.099365,-1.088379,-28.931297,1.480916,5.129771,1443687697.117341,1
-0.127686,-0.088379,-1.079346,-16.625954,6.427481,-8.274809,1443687697.147325,1
-0.127197,-0.078613,-1.095947,-10.000000,28.641222,-12.580153,1443687697.177261,1
0.493896,-0.076172,-1.097412,2.229008,2.580153,27.587786,1443687697.207368,1
-0.121582,-0.082520,-1.122070,1.206107,11.312977,-0.748092,1443687697.237389,1
-0.118652,-0.076172,-1.087891,0.030534,2.320611,0.992366,1443687697.267500,1
-0.103760,-0.088379,0.432373,1.374046,10.076336,-36.763359,1443687697.297229,1
-0.122559,-0.046387,-1.119873,-7.664122,0.152672,9.496183,1443687697.327523,1
0.092285,-0.406494,0.250000,52.061069,-88.198471,1.328244,1443687697.417198,1
0.071045,-0.198242,0.250000,61.190838,15.633588,61.419846,1443687697.417708,1
1.865479,0.283447,-1.997559,83.816795,15.633588,40.763359,1443687697.447284,1
2.134521,0.280762,-1.164307,17.007633,15.633588,16.488550,1443687697.477360,1
0.801270,0.499268,0.970947,54.488548,-206.778625,-16.045801,1443687697.507676,1
0.672852,0.320801,-1.189941,49.725189,250.129776,-70.717560,1443687697.537337,1
0.898926,0.117188,-0.622070,16.305344,250.129776,-46.931297,1443687697.567471,1
0.788086,0.085205,-1.090332,-24.549618,250.129776,-12.320611,1443687697.597234,1
0.326172,0.210938,-1.347412,-51.908398,14.748092,0.580153,1443687697.627269,1
0.380615,-0.105469,-1.111084,-66.977097,234.992371,-39.801525,1443687697.657449,1
0.018555,-0.059326,0.414795,-85.114502,250.129776,-58.427483,1443687697.687227,1
0.382812,-0.225586,-2.110352,-90.045799,250.129776,-27.969465,1443687697.717387,1
0.115723,0.487305,-2.700439,-105.190842,250.129776,27.114504,1443687697.747345,1
-0.427002,-0.178711,-2.298584,-82.732826,32.244274,-3.648855,1443687697.777485,1
-2.350830,-0.214355,-1.783203,-231.984726,228.366409,-68.061066,1443687697.807495,1
-2.540283,-0.473389,-1.255371,-48.320610,139.435120,-96.717560,1443687697.837441,1
-2.463623,-0.604492,-0.434570,113.267174,-184.076340,33.847328,1443687697.897722,1
-0.222900,-0.458740,-2.803467,105.847328,-215.404587,5.648855,1443687697.927506,1
-0.083008,-0.055420,-1.160889,-15.282443,-227.022903,33.664124,1443687697.957517,1
-0.043701,-0.077393,-1.262695,69.419846,-74.320610,-51.740459,1443687697.987458,1
-0.121094,-0.098145,-1.172363,33.511452,-6.732824,-28.290077,1443687698.017709,1
-0.091064,-0.104492,-1.104736,24.442749,-7.694656,6.274809,1443687698.047338,1
-0.084473,-0.113525,-1.116699,12.198473,-2.366412,-8.137404,1443687698.077384,1
-0.088379,-0.116455,-1.114502,0.290076,-2.244275,30.732824,1443687698.136577,1
-0.088379,-0.123047,-1.106689,4.091603,-11.404580,-6.229008,1443687698.140177,1
-0.089355,-0.119629,-1.113281,0.290076,1.938931,11.267176,1443687698.167436,1
-0.086670,-0.127197,-1.100586,-1.389313,-7.511450,30.274809,1443687698.197241,1
-0.098145,-0.130127,-1.112549,6.809160,-3.343511,116.641220,1443687698.227762,1
-0.095459,0.493164,-1.108398,-6.961832,-0.946565,30.641222,1443687698.286651,1
-0.100342,-0.126221,-1.105225,2.274809,-1.435115,-0.992366,1443687698.290088,1
-0.104492,-0.125488,-1.105469,-10.641221,-1.022901,-3.083969,1443687698.346705,1
-0.107422,-0.127197,-1.106689,-2.213740,31.160305,-32.870228,1443687698.350242,1
-0.106445,-0.118408,-1.106445,-1.984733,-3.175573,-9.129771,1443687698.377606,1
-0.103027,0.493652,-1.111572,-18.488550,9.190840,3.847328,1443687698.407714,1
-0.107666,-0.119873,-1.106934,-4.916030,4.793893,26.229008,1443687698.437439,1
-0.097412,0.493408,-1.115479,-10.732824,-2.702290,4.717557,1443687698.467442,1
-0.105713,-0.119629,-1.136230,-23.679390,-11.022901,14.809160,1443687698.497309,1
-0.108887,-0.104492,-1.140869,-36.335876,-0.671756,-2.503817,1443687698.527294,1
-0.102783,-0.074463,-1.084961,-32.167938,-8.885496,-34.961834,1443687698.557502,1
-0.106689,-0.070312,-1.057373,-9.175572,-6.809160,9.954199,1443687698.616629,1
-0.098633,-0.084961,-1.106445,31.206106,9.511451,-0.854962,1443687698.620803,1
-0.097900,-0.079590,-1.120117,1.251908,4.351145,-11.389313,1443687698.647392,1
-0.120850,-0.078613,-1.375244,26.656488,14.061069,1.572519,1443687698.677402,1
0.493896,-0.177979,-2.634033,156.839691,-4.320611,-12.167939,1443687698.707460,1
0.342285,-0.434814,0.250000,52.900764,15.633588,59.694656,1443687698.737390,1
1.079590,-0.216309,-2.463135,91.786263,15.633588,34.824429,1443687698.767502,1
1.060547,0.462158,-1.618652,86.992363,15.633588,23.053434,1443687698.797360,1
3.242432,0.033691,0.432617,32.839695,15.633588,4.900764,1443687698.827716,1
0.021729,1.133545,3.999878,-30.580153,250.129776,-43.786259,1443687698.887344,1
0.494629,0.329102,-0.951416,-37.496181,250.129776,-30.473282,1443687698.917730,1
0.808838,0.223145,-0.819336,-55.633587,250.129776,-22.732824,1443687698.947447,1
0.413574,0.153320,-1.517578,26.152672,250.129776,-17.297710,1443687698.977470,1
0.224365,-0.112305,-1.574463,-107.984734,218.229004,-26.870230,1443687699.007644,1
0.179199,-0.350586,-1.497559,-100.641220,250.129776,-43.648853,1443687699.037456,1
0.229980,-0.197021,-1.792236,25.206106,250.129776,-57.328243,1443687699.067507,1
0.218018,-0.296875,-2.287598,-106.152672,250.129776,-7.251908,1443687699.097236,1
-0.102051,-0.129639,-0.521729,-166.916031,106.000000,76.458015,1443687699.127376,1
-1.504639,-0.487549,-1.647949,-8.167939,7.679389,-6.748092,1443687699.157508,1
-1.579102,0.479736,-1.225342,-49.786259,160.916031,207.526718,1443687699.187415,1
-2.112061,-0.409424,-0.944580,-122.442749,65.129768,8.412213,1443687699.217434,1
-2.445312,-0.496094,-0.745850,4.671756,-41.343510,238.183212,1443687699.247448,1
0.430664,-1.081299,-1.196289,119.541985,-154.122131,109.832062,1443687699.277562,1
-0.241211,-0.676758,-1.336426,0.854962,-139.908401,61.145039,1443687699.307553,1
-0.008301,0.029053,-1.444336,4.900764,-146.106873,1.221374,1443687699.337549,1
-0.099121,0.494873,-1.163086,42.870228,30.610687,-127.312981,1443687699.397362,1
-0.071777,-0.118164,-1.112061,20.916031,-8.641221,28.030535,1443687699.427637,1
-0.072266,-0.118652,-1.104736,1.068702,-12.473283,-7.190840,1443687699.457557,1
-0.078369,-0.132080,-1.104980,1.435115,1.221374,-11.465649,1443687699.487304,1
-0.083740,-0.131104,-1.117188,11.465649,-7.389313,0.152672,1443687699.517428,1
-0.089111,-0.132080,-1.115234,-13.877863,-6.946565,-25.725191,1443687699.547471,1
-0.090820,-0.139404,-1.103516,-1.419847,-5.969466,-34.641220,1443687699.577427,1
-0.096436,-0.135254,-1.112793,-3.496183,22.381680,56.122139,1443687699.607589,1
0.495605,-0.136230,-1.100830,-4.809160,-3.267176,-12.656488,1443687699.637385,1
-0.101807,-0.135986,-1.104248,4.839694,-4.824428,21.770992,1443687699.667514,1
-0.104492,-0.135986,-1.104004,0.793893,1.450382,26.534351,1443687699.697348,1
-0.113525,-0.135010,-1.111572,-6.030534,-7.175572,-13.389313,1443687699.727718,1
-0.106201,-0.140381,-1.107178,-13.236641,-5.083970,1.450382,1443687699.757595,1
-0.110596,-0.134277,-1.114990,-3.984733,-6.656488,-9.343512,1443687699.787478,1
-0.110107,-0.126953,-1.107666,-16.290077,6.656488,16.000000,1443687699.817412,1
-0.105469,-0.110840,-1.117188,-25.832062,13.160305,30.503817,1443687699.847597,1
-0.097168,-0.087646,-1.116211,-19.908398,7.480916,20.717558,1443687699.877583,1
0.495117,-0.091797,-1.108154,30.717558,10.351145,6.625954,1443687699.907591,1
-0.103027,-0.072998,-1.100830,-2.732824,0.061069,3.160305,1443687699.937768,1
-0.098633,-0.077393,-1.097412,-3.312977,4.625954,-6.030534,1443687699.967602,1
-0.088623,-0.096680,-1.125732,-1.312977,0.458015,6.122138,1443687699.997358,1
-0.086914,-0.079590,-1.106445,-1.129771,13.282443,-5.206107,1443687700.027507,1
-0.137451,-0.075439,-1.690918,3.022901,2.091603,-5.282443,1443687700.057589,1
-0.132812,0.069092,-3.851807,12.687023,-112.732826,30.839695,1443687700.087423,1
0.955078,-0.452881,-3.819824,11.984733,15.633588,43.984734,1443687700.117545,1
1.033447,0.293213,0.412109,33.709923,15.633588,-2.931298,1443687700.147465,1
2.140381,0.256836,-1.618164,-49.770992,15.633588,-29.954199,1443687700.177396,1
1.270752,0.498291,-0.430664,36.977100,-248.778625,-56.061069,1443687700.207536,1
0.236816,0.571777,0.131104,87.816795,8.259542,-48.595421,1443687700.237453,1
0.533203,0.022949,-0.265137,-36.442749,250.129776,-48.290077,1443687700.267579,1
0.647705,0.009766,-0.744629,-15.007633,250.129776,-24.106871,1443687700.297437,1
0.111816,-0.108643,-1.474609,26.427481,231.801529,-83.083969,1443687700.387520,1
0.117676,-0.127197,-1.597412,-75.374046,250.129776,-49.511452,1443687700.417510,1
0.122559,0.047119,-1.805420,-98.274811,250.129776,22.534351,1443687700.447616,1
0.003662,0.047852,0.356201,24.259542,250.129776,60.274811,1443687700.477438,1
-0.287598,-0.101318,-1.770020,-82.549622,78.977097,191.236649,1443687700.507534,1
-1.121826,-0.246582,-0.140137,-121.404579,196.992371,-41.862595,1443687700.537526,1
-1.928955,-0.221436,-2.947021,27.480917,9.725191,116.351143,1443687700.567552,1
-2.096680,-0.616699,-1.041748,-2.641221,73.267174,103.832062,1443687700.597396,1
-1.921631,-0.270020,-1.300049,0.702290,26.458015,16.824427,1443687700.627399,1
-1.139160,-0.431885,-1.101562,155.206100,-170.717560,-35.267174,1443687700.657785,1
-0.305908,-0.385498,-2.282471,129.312973,-206.854965,84.458015,1443687700.687395,1
0.493408,-0.224854,-1.188965,19.068703,-206.488556,-30.916031,1443687700.717486,1
-0.065430,-0.125732,-1.234131,39.877861,-101.419846,-35.190838,1443687700.747505,1
-0.126465,-0.104004,-1.213135,102.748093,-36.045803,119.419846,1443687700.777684,1
-0.091064,-0.114502,-1.104980,13.618320,-2.580153,-46.091602,1443687700.807618,1
-0.089111,-0.125977,-1.113037,13.251908,-5.221374,6.503817,1443687700.837615,1
-0.096436,-0.131348,-1.105225,14.335877,10.076336,42.442749,1443687700.897458,1
-0.097412,-0.132324,-1.104492,4.259542,-9.083969,-6.473282,1443687700.927763,1
-0.105225,-0.131348,-1.107178,2.167939,-4.610687,11.358779,1443687700.957595,1
-0.106934,-0.134766,-1.102783,12.809160,-4.442748,-7.923664,1443687700.987811,1
-0.108887,-0.135986,-1.112793,6.625954,-3.618321,-34.106869,1443687701.017653,1
-0.097412,-0.136719,-1.100830,0.244275,-6.931298,7.022901,1443687701.076774,1
-0.114014,-0.138916,-1.108398,-3.343511,-1.312977,13.664123,1443687701.080070,1
-0.118896,-0.140381,-1.106934,-0.351145,-4.824428,1.297710,1443687701.108106,1
-0.121094,-0.136963,-1.105225,1.312977,-0.488550,16.870230,1443687701.137511,1
-0.121826,-0.137207,-1.097656,30.992367,1.297710,-81.496185,1443687701.167614,1
0.492432,-0.145508,-1.118896,-2.091603,2.381679,-1.343511,1443687701.197441,1
-0.126465,-0.138184,-1.112305,1.145038,7.557252,-18.534351,1443687701.256829,1
0.493164,-0.134521,-1.138672,-25.251909,7.969466,13.877863,1443687701.260459,1
-0.120361,-0.120361,-1.110352,-42.519085,15.389313,30.702290,1443687701.287476,1
-0.117676,-0.079102,-1.112061,-22.854961,0.641221,3.755725,1443687701.317706,1
0.493652,-0.075439,-1.076416,-1.038168,5.740458,4.992366,1443687701.347573,1
-0.105469,0.495117,-1.107910,0.885496,3.603053,-4.061069,1443687701.377727,1
-0.111084,-0.073486,-1.093994,-1.358779,9.358779,-4.381680,1443687701.407677,1
-0.163330,-0.084961,-1.971436,79.480919,44.824429,-19.679390,1443687701.437426,1
0.256104,-0.274414,0.250000,6.366412,18.045801,17.572519,1443687701.467542,1
1.304199,-0.221680,-3.122803,55.068703,15.633588,40.061069,1443687701.497395,1
1.343262,0.176025,-1.470215,55.129772,15.633588,34.061069,1443687701.527861,1
2.891113,0.338867,-1.943359,7.145038,15.633588,-6.519084,1443687701.586800,1
0.918457,0.150635,0.395264,2.595420,20.946566,30.931297,1443687701.590560,1
0.745850,0.486084,1.119873,-55.175571,237.083969,-53.496181,1443687701.617575,1
0.618164,0.151855,-0.870361,11.694656,250.129776,-29.587786,1443687701.676846,1
0.744629,-0.018311,-0.870605,-14.488549,250.129776,-11.389313,1443687701.680564,1
0.401367,0.137451,-1.441406,-26.442749,250.129776,1.190840,1443687701.707697,1
0.150146,0.054932,-1.377197,-46.748093,250.129776,-20.320610,1443687701.737669,1
0.192383,0.051514,-1.540527,-55.816795,250.129776,-22.732824,1443687701.767709,1
0.016602,-0.011719,-1.982666,-71.099236,250.129776,1.007634,1443687701.797434,1
0.070801,-0.017578,-2.362305,-105.801529,250.129776,46.824429,1443687701.827722,1
-1.859863,-0.482422,0.250000,50.488548,6.259542,74.167938,1443687701.887583,1
-2.130371,0.105713,-1.299805,-105.709923,141.816788,31.145039,1443687701.917478,1
-2.817627,-0.052246,-1.103760,-34.229008,57.664124,229.236649,1443687701.947618,1
-2.777832,-0.142822,-0.692627,32.122139,-109.190842,141.114502,1443687701.977488,1
-0.226562,-0.660400,-0.809570,79.099236,-197.160309,95.007637,1443687702.007686,1
-0.188477,-0.313721,-1.328125,-33.709923,-236.213745,10.076336,1443687702.037642,1
-0.058838,-0.084717,-1.288086,80.702293,-54.931297,5.496183,1443687702.096950,1
-0.119629,-0.115234,-1.138916,34.015266,-16.809160,-35.328243,1443687702.100076,1
-0.103516,-0.122559,-1.102783,14.534351,-6.045802,-31.083969,1443687702.127674,1
-0.099609,-0.128906,-1.109131,0.885496,-8.625955,-10.045801,1443687702.157686,1
-0.099121,-0.131592,-1.116699,30.992367,-0.732824,11.160305,1443687702.187585,1
-0.098633,-0.131348,-1.102539,2.595420,0.213740,-19.633587,1443687702.217646,1
-0.098145,-0.132812,-1.101318,-2.702290,6.381680,3.129771,1443687702.247564,1
-0.095703,-0.132568,-1.104736,3.526718,0.748092,-3.969466,1443687702.306965,1
-0.102783,-0.135498,-1.096436,-0.870229,0.961832,-6.106870,1443687702.310757,1
-0.100830,-0.134521,-1.101074,4.381680,-2.763359,1.908397,1443687702.337635,1
-0.103271,-0.132568,-1.104492,-2.885496,31.022902,6.290076,1443687702.397451,1
-0.101562,-0.141113,-1.103271,-1.099237,-5.694656,12.442748,1443687702.427608,1
-0.109619,-0.133545,-1.104248,-3.083969,0.366412,-5.587786,1443687702.457674,1
-0.106934,-0.138916,-1.115479,14.351145,-2.793893,-68.732826,1443687702.576998,1
-0.111084,0.492188,-1.104980,-0.137405,-4.854962,-0.870229,1443687702.577755,1
-0.106934,-0.129150,-1.112793,-7.511450,-5.175572,-7.679389,1443687702.578114,1
-0.108398,-0.129639,-1.119385,-14.717557,-3.969466,-0.931298,1443687702.606964,1
-0.109131,-0.119385,-1.091064,-26.305344,6.122138,-4.427481,1443687702.610398,1
-0.115967,-0.095459,-1.089844,-53.282444,13.633588,59.496181,1443687702.666964,1
-0.112549,-0.089600,-1.118164,-10.870229,-12.778625,4.641222,1443687702.670389,1
-0.116699,-0.082520,-1.099121,-1.129771,6.687023,0.167939,1443687702.697682,1
-0.082520,-0.119873,-1.088623,4.091603,15.908397,7.618320,1443687702.727739,1
-0.156738,-0.133789,-1.864990,52.931297,33.709923,-3.725191,1443687702.757742,1
0.048340,-0.376465,-3.610107,71.022903,-62.091602,41.206108,1443687702.787646,1
0.053223,-0.278809,0.250000,40.167938,15.633588,37.847328,1443687702.817668,1
1.857666,-0.122559,-1.892822,91.496185,15.633588,4.106870,1443687702.877208,1
0.078369,0.473389,-0.626465,82.656487,15.633588,-10.442748,1443687702.880491,1
0.470703,0.459717,0.659424,27.679390,-67.969467,-45.954197,1443687702.907756,1
0.840332,0.078125,-0.683838,-4.778626,250.129776,-51.068703,1443687702.967810,1
0.303467,0.291260,-1.657959,-62.030533,250.129776,-6.977099,1443687703.027631,1
0.017334,0.008057,-1.423340,-86.549622,247.312973,-15.404580,1443687703.086822,1
0.329346,0.010986,-1.606934,-93.312981,250.129776,6.167939,1443687703.090294,1
0.270264,0.126953,-1.945557,-116.290077,250.129776,25.190840,1443687703.117614,1
-0.554688,-0.397461,2.126953,-4.656488,-14.458015,-69.389313,1443687703.147575,1
-1.849121,-0.054688,0.548828,-4.458015,191.862595,22.213741,1443687703.177616,1
-2.001465,0.118408,-1.001221,-111.923668,154.335876,12.274809,1443687703.208010,1
-2.763184,-0.241699,-1.140137,-113.465652,64.274811,53.099236,1443687703.237600,1
-3.108398,-0.309326,-0.649902,64.244278,-83.083969,-26.396946,1443687703.267805,1
-0.386719,-0.525146,-1.734863,140.198471,-183.984726,166.274811,1443687703.297661,1
-0.214111,-0.488281,-0.818115,-23.099237,-156.091599,-33.725189,1443687703.327795,1
-0.080322,-0.110840,-1.366943,57.282444,24.030535,42.885498,1443687703.417054,1
-0.118164,-0.094238,-1.201660,68.564888,-12.351145,7.770992,1443687703.420961,1
-0.081299,-0.108887,-1.117188,13.358779,1.618321,14.793893,1443687703.447666,1
-0.084961,-0.120361,-1.109619,6.076336,31.221375,8.335877,1443687703.477685,1
-0.083496,-0.120361,-1.111816,5.725191,-0.274809,5.099236,1443687703.507653,1
-0.087891,0.493164,-1.107422,4.061069,-3.740458,2.488550,1443687703.537660,1
-0.089844,-0.122559,-1.113037,1.343511,30.900763,-1.374046,1443687703.567690,1
-0.089600,0.493896,-1.104736,0.290076,-3.526718,-17.190840,1443687703.597434,1
-0.088623,-0.127930,-1.106934,-0.488550,-0.274809,3.114504,1443687703.627649,1
-0.090820,-0.129150,-1.108887,-5.480916,-2.274809,4.366412,1443687703.657890,1
-0.089600,0.492432,-1.101562,-0.702290,-4.732824,-11.450381,1443687703.687687,1
-0.091064,-0.127930,-1.105713,-3.083969,-0.061069,7.297710,1443687703.717877,1
-0.094238,0.492188,-1.109619,4.931298,0.259542,25.679390,1443687703.747698,1
-0.096436,-0.126709,-1.105957,-15.862596,6.839694,11.679389,1443687703.777894,1
-0.095459,-0.127930,-1.106934,-0.167939,31.099237,-34.534351,1443687703.807759,1
0.494385,-0.121582,-1.111084,-7.282443,2.748092,24.244274,1443687703.837845,1
-0.098633,-0.119141,-1.109863,-6.122138,-0.381679,6.824428,1443687703.897632,1
-0.096680,-0.120117,-1.131104,29.450382,30.717558,-24.030535,1443687703.957500,1
-0.103760,-0.101807,-1.141846,29.740458,-10.320611,3.114504,1443687703.961114,1
-0.098145,-0.083496,-1.094482,-12.824428,-17.251909,8.809160,1443687703.987679,1
